Country,country code,yr,year,ta,Yv,p,ms,yd,d,r,t,g,hd
UK,1,1,1981,116684,5.40766E+11,37.67238487,34.79012208,1.93491E+11,7487.87,17.39912313,16,78,50.06313675
UK,1,2,1982,120772,5.15049E+11,40.91178195,36.08987362,2.00715E+11,7487.87,16.51704822,13,78,51.51444002
UK,1,3,1983,136823,4.89618E+11,42.79753005,36.32032099,2.18262E+11,7487.87,15.30774889,47,78,52.96574329
UK,1,4,1984,124205,4.61487E+11,44.92059183,37.70442663,2.12158E+11,7487.87,15.11370389,159,78,54.41704656
UK,1,5,1985,119544,4.89285E+11,47.6478981,38.17012939,2.32512E+11,7487.87,15.87271542,39,78,55.86834983
UK,1,6,1986,160685,6.01453E+11,49.28108193,43.46922213,2.48986E+11,7487.87,18.48560925,96,78,57.3196531
UK,1,7,1987,166590,7.45163E+11,51.32571574,74.06028972,2.79034E+11,7487.87,21.18146542,166,79,58.77095638
UK,1,8,1988,200509,9.10123E+11,53.45847975,77.00025993,2.96589E+11,7487.87,24.75599767,358,78,60.22225965
UK,1,9,1989,229496,9.26885E+11,56.53782134,83.54315531,2.96042E+11,7487.87,26.54814044,324,78,61.67356292
UK,1,10,1990,235151,1.09317E+12,61.09672647,84.96019803,3.20979E+11,7487.87,31.07991772,349,78,63.12486619
UK,1,11,1991,212052,1.1428E+12,65.65563159,82.06726896,2.70105E+11,7487.87,40.10902703,339,79,64.57616946
UK,1,12,1992,244263,1.17966E+12,68.67024228,56.46250205,2.88208E+11,7487.87,45.48834407,237,80,66.02747273
UK,1,13,1993,274168,1.06139E+12,70.42722397,56.14298592,2.79296E+11,7487.87,45.73377122,42,81,67.478776
UK,1,14,1994,300696,1.14049E+12,71.99001295,57.40221365,3.27276E+11,7487.87,48.01417986,107,82,68.93007928
UK,1,15,1995,334827,1.34158E+12,73.93194008,60.52458237,3.60282E+11,7487.87,51.17359647,179,82,65.02149
UK,1,16,1996,360686,1.41536E+12,76.04031811,64.94397875,3.92897E+11,7487.87,55.28156172,213,82,63.367337
UK,1,17,1997,370567,1.55908E+12,77.71407435,77.65301354,4.15868E+11,7487.87,59.44849198,193,82,64.44377
UK,1,18,1998,376513,1.65017E+12,79.12890697,89.68760726,4.21351E+11,7487.87,68.33016364,61,83,66.756091
UK,1,19,1999,345085,1.6824E+12,80.51599778,89.71267181,4.5882E+11,7487.87,69.66257017,112,84,68.282379
UK,1,20,2000,432644,1.65782E+12,81.4684668,94.56733942,4.68395E+11,7487.87,67.99744048,180,86,70.688138
UK,1,21,2001,405472,1.64025E+12,82.71684853,98.95425892,4.85441E+11,7487.87,67.92784068,234,86,75.513174
UK,1,22,2002,387846,1.78447E+12,83.97447753,99.43499124,5.14938E+11,7487.87,72.85464512,184,86,82.127682
UK,1,23,2003,430917,2.05302E+12,85.13038654,103.3712824,6.07699E+11,7487.87,76.05775633,196,87,87.535657
UK,1,24,2004,555907,2.41693E+12,86.31403736,108.136105,7.09149E+11,7487.87,82.969839,108,87,93.096503
UK,1,25,2005,651803,2.53868E+12,88.11725541,116.3985006,8.20382E+11,7487.87,80.1820157,146,87,94.972405
UK,1,26,2006,734240,2.71375E+12,90.28111707,125.7258854,9.4026E+11,7487.87,83.36360598,167,87,100.33195
UK,1,27,2007,796191,3.10088E+12,92.43573146,138.568454,1.21674E+12,7487.87,82.73484891,149,88,102.92705
UK,1,28,2008,776530,2.92267E+12,95.69077122,159.1203014,1.1989E+12,7487.87,79.97772533,534,88,102.91516
UK,1,29,2009,769251,2.41091E+12,97.56796745,163.3700951,1.34189E+12,7487.87,75.40709466,672,88,104.51879
UK,1,30,2010,759494,2.47524E+12,100,164.1231737,1.67562E+12,7487.87,70.65400408,663,88,100.91072
UK,1,31,2011,798249,2.65931E+12,103.8561124,151.4038582,1.82305E+12,7487.87,74.77553782,645,89,98.584696
UK,1,32,2012,788170,2.70489E+12,106.5285741,147.8884763,1.82764E+12,7487.87,84.41274388,611,89,96.163568
UK,1,33,2013,809444,2.78602E+12,108.9698539,145.0844286,1.85672E+12,7487.87,91.60771739,694,89,93.165121
UK,1,34,2014,838860,3.0638E+12,110.5511374,135.3427947,2.03913E+12,7487.87,100.4221479,860,89,91.948775
UK,1,35,2015,867601,2.92859E+12,110.9580174,134.0596986,2.10359E+12,7487.87,98.0099115,884,89,92.050377
UK,1,36,2016,941883,2.69428E+12,112.0769373,140.0059334,2.2948E+12,7487.87,90.72668921,1025,89,92.26
UK,1,37,2017,986296,2.66623E+12,114.9435916,146.045238,2.65275E+12,7487.87,83.81405791,1000,90,91.483477
UK,1,38,2018,1029757,2.86067E+12,117.5790642,148.5759948,2.71317E+12,7487.87,91.24294765,748,89,90.648574
US,2,1,1981,82052,3.20704E+12,41.6980998,69.39765678,1.93491E+11,13105.39,8.658522817,16,63,48.520514
US,2,2,1982,86806,3.34379E+12,44.25478835,73.23697757,2.00715E+11,13105.39,9.455131934,13,64,48.717926
US,2,3,1983,95847,3.63404E+12,45.67644476,72.96137245,2.18262E+11,13105.39,10.09889824,47,64,49.360007
US,2,4,1984,95651,4.03761E+12,47.64077647,73.89905868,2.12158E+11,13105.39,11.36258333,159,65,49.87993
US,2,5,1985,95920,4.33898E+12,49.32994887,74.46922421,2.32512E+11,13105.39,12.36875,39,68,54.604978
US,2,6,1986,125364,4.57963E+12,50.26625484,77.17093364,2.48986E+11,13105.39,12.61083333,96,68,57.488681
US,2,7,1987,134876,4.85522E+12,52.10829353,75.74927166,2.79034E+11,13105.39,12.9615,166,68,58.912208
US,2,8,1988,122888,5.23644E+12,54.23313484,75.00419178,2.96589E+11,13105.39,13.91708333,358,68,60.070506
US,2,9,1989,134314,5.64158E+12,56.8509699,73.31970831,2.96042E+11,13105.39,16.2255,324,69,61.052485
US,2,10,1990,125303,5.96314E+12,59.91976049,71.223519,3.20979E+11,13105.39,17.5035,349,69,62.281472
US,2,11,1991,117332,6.15813E+12,62.45734075,70.00324287,2.70105E+11,13105.39,22.74243333,339,71,63.824281
US,2,12,1992,152288,6.52033E+12,64.34906098,66.01336099,2.88208E+11,13105.39,25.91808333,237,71,63.404892
US,2,13,1993,158159,6.85856E+12,66.24842452,63.1321973,2.79296E+11,13105.39,30.49329167,42,72,64.00608
US,2,14,1994,176482,7.28724E+12,67.9758135,59.65884733,3.27276E+11,13105.39,31.3737425,107,73,64.708553
US,2,15,1995,203343,7.63975E+12,69.88282035,60.8150739,3.60282E+11,13105.39,32.42707667,179,74,66.035787
US,2,16,1996,228829,8.07312E+12,71.93122852,62.0770874,3.92897E+11,13105.39,35.43317333,213,74,67.064798
US,2,17,1997,244239,8.57755E+12,73.61275761,63.10258975,4.15868E+11,13105.39,36.31328583,193,76,67.263927
US,2,18,1998,244687,9.06282E+12,74.75543306,65.45841335,4.21351E+11,13105.39,41.259365,61,76,68.750395
US,2,19,1999,251926,9.63066E+12,76.39110227,67.45598085,4.5882E+11,13105.39,43.05542833,112,77,70.661302
US,2,20,2000,348292,1.02523E+13,78.97072076,68.50483165,4.68395E+11,13105.39,44.941605,180,77,72.247446
US,2,21,2001,329147,1.05818E+13,81.20256846,71.63700758,4.85441E+11,13105.39,47.18641417,234,77,75.86731
US,2,22,2002,348182,1.09364E+13,82.49046688,72.40028643,5.14938E+11,13105.39,48.61031917,184,77,80.571017
US,2,23,2003,410803,1.14582E+13,84.36307882,72.14616146,6.07699E+11,13105.39,46.58328417,196,77,86.415692
US,2,24,2004,526120,1.22137E+13,86.62167812,71.56995008,7.09149E+11,13105.39,45.31646667,108,78,90.625833
US,2,25,2005,611165,1.30366E+13,89.56053237,72.46571133,8.20382E+11,13105.39,44.099975,146,78,94.024512
US,2,26,2006,696739,1.38146E+13,92.44970508,74.5413607,9.4026E+11,13105.39,45.30700833,167,79,98.156834
US,2,27,2007,799062,1.44519E+13,95.08699238,79.60088595,1.21674E+12,13105.39,41.34853333,149,81,100.34691
US,2,28,2008,804933,1.47128E+13,98.73747739,84.58089913,1.1989E+12,13105.39,43.50518333,534,80,97.862885
US,2,29,2009,827140,1.44489E+13,98.38641997,90.87354741,1.34189E+12,13105.39,48.40526667,672,80,98.802707
US,2,30,2010,931292,1.49921E+13,100,85.17091624,1.67562E+12,13105.39,45.72581212,663,80,93.798793
US,2,31,2011,980688,1.55426E+13,103.1568416,87.64475752,1.82305E+12,13105.39,46.67046667,645,81,89.774401
US,2,32,2012,1039947,1.6197E+13,105.2915045,88.22604392,1.82764E+12,13105.39,53.43723333,611,81,85.790629
US,2,33,2013,1085309,1.67848E+13,106.8338489,88.96825232,1.85672E+12,13105.39,58.59784542,694,81,84.099316
US,2,34,2014,1118983,1.75272E+13,108.5669321,89.61225756,2.03913E+12,13105.39,61.02951446,860,82,81.400098
US,2,35,2015,1213624,1.82247E+13,108.695722,88.89114367,2.10359E+12,13105.39,64.15194446,884,82,79.194141
US,2,36,2016,1296939,1.8715E+13,110.0670089,89.89472258,2.2948E+12,13105.39,67.19531281,1025,82,79.255811
US,2,37,2017,1376919,1.95194E+13,112.4115573,90.32897008,2.65275E+12,13105.39,65.12156865,1000,82,78.7469
US,2,38,2018,1456678,2.05802E+13,115.1573032,89.1259356,2.71317E+12,13105.39,68.38946709,748,82,77.026927
Sri Lanka,3,1,1981,75842,4415844156,5.392186821,30.04070349,1.93491E+11,1659.72,0.44989272,16,38,32.49060518
Sri Lanka,3,2,1982,76143,4768765017,5.975931441,32.25931599,2.00715E+11,1659.72,0.454306091,13,38,31.21285788
Sri Lanka,3,3,1983,81716,5167913302,6.810433695,31.83493557,2.18262E+11,1659.72,0.429218287,47,38,29.93511057
Sri Lanka,3,4,1984,75449,6043474843,7.943570934,29.21175185,2.12158E+11,1659.72,0.446674616,159,38,28.65736326
Sri Lanka,3,5,1985,69063,5978460972,8.061229528,31.19661278,2.32512E+11,1659.72,0.455359855,39,39,27.37961596
Sri Lanka,3,6,1986,75631,6405210564,8.704222372,29.41974882,2.48986E+11,1659.72,0.450108266,96,39,26.10186865
Sri Lanka,3,7,1987,74351,6682167120,9.375941627,30.98412489,2.79034E+11,1659.72,0.440197319,166,39,24.82412135
Sri Lanka,3,8,1988,70640,6978371581,10.68778108,31.53953924,2.96589E+11,1659.72,0.437551254,358,39,40.15708902
Sri Lanka,3,9,1989,67680,6987267684,11.92409402,30.11581319,2.96042E+11,1659.72,0.450119635,324,38,38.87934171
Sri Lanka,3,10,1990,68400,8032551173,14.48720808,28.25875047,3.20979E+11,1659.72,0.436900292,349,39,37.60159441
Sri Lanka,3,11,1991,70088,9000362582,16.25256576,29.76286901,2.70105E+11,1659.72,0.549712564,339,40,36.3238471
Sri Lanka,3,12,1992,71935,9703011636,18.10266635,30.43671685,2.88208E+11,1659.72,0.5913371,237,41,35.0460998
Sri Lanka,3,13,1993,76898,10338679636,20.22913896,31.94990254,2.79296E+11,1659.72,0.631041471,42,42,33.76835249
Sri Lanka,3,14,1994,89009,11717604209,21.93824075,32.98340148,3.27276E+11,1659.72,0.634901398,107,46,32.49060518
Sri Lanka,3,15,1995,114157,13029697561,23.62196755,38.85183865,3.60282E+11,1659.72,0.632703828,179,44,31.21285788
Sri Lanka,3,16,1996,107351,13897738375,27.38632438,37.57914046,3.92897E+11,1659.72,0.641075584,213,44,29.93511057
Sri Lanka,3,17,1997,122080,15091913884,30.0082079,37.47934339,4.15868E+11,1659.72,0.615535706,193,46,28.65736326
Sri Lanka,3,18,1998,118292,15794972847,32.81824941,37.10670874,4.21351E+11,1659.72,0.640175163,61,47,27.37961596
Sri Lanka,3,19,1999,120072,15656327860,34.35798506,38.72814913,4.5882E+11,1659.72,0.609544193,112,48,26.10186865
Sri Lanka,3,20,2000,129193,16330814180,36.48002902,38.43889647,4.68395E+11,1659.72,0.583618426,180,53,24.82412135
Sri Lanka,3,21,2001,112813,15749753805,41.6450378,39.01730001,4.85441E+11,1659.72,0.527912546,234,55,22.016343
Sri Lanka,3,22,2002,108008,16536535647,45.62256855,39.35043951,5.14938E+11,1659.72,0.508146246,184,55,22.139914
Sri Lanka,3,23,2003,109098,18881765437,48.50346854,39.38806805,6.07699E+11,1659.72,0.482623552,196,56,23.263756
Sri Lanka,3,24,2004,128711,20662525941,52.17805534,41.06658129,7.09149E+11,1659.72,0.447815699,108,58,25.038033
Sri Lanka,3,25,2005,136400,24405791045,58.2514172,41.67780342,8.20382E+11,1659.72,0.438814228,146,58,24.82412135
Sri Lanka,3,26,2006,154813,28279814925,64.08831615,40.98922144,9.4026E+11,1659.72,0.436002983,167,59,28.201104
Sri Lanka,3,27,2007,204084,32350248411,74.24125865,39.23269738,1.21674E+12,1659.72,0.373778022,149,60,27.525071
Sri Lanka,3,28,2008,218805,40713812310,90.99342414,34.52438038,1.1989E+12,1659.72,0.401584716,534,60,24.120416
Sri Lanka,3,29,2009,239995,42066217872,94.14631282,37.35342052,1.34189E+12,1659.72,0.42111756,672,57,20.784762
Sri Lanka,3,30,2010,266515,56725749222,100,32.60851616,1.67562E+12,1659.72,0.404422432,663,58,22.371493
Sri Lanka,3,31,2011,305853,65292753005,106.7167684,43.45069992,1.82305E+12,1659.72,0.422108072,645,59,6.4377328
Sri Lanka,3,32,2012,296983,68434409315,114.7663222,42.2525751,1.82764E+12,1659.72,0.418776089,611,59,7.2110971
Sri Lanka,3,33,2013,262345,74317806538,122.6948966,44.70827184,1.85672E+12,1659.72,0.454003916,694,58,7.5812101
Sri Lanka,3,34,2014,301601,79356449841,126.5953702,47.39424367,2.03913E+12,1659.72,0.467427424,860,59,8.6933117
Sri Lanka,3,35,2015,299513,80604080689,131.3659494,52.48198287,2.10359E+12,1659.72,0.472202284,884,58,10.551919
Sri Lanka,3,36,2016,297418,82401038710,136.5665808,55.66263823,2.2948E+12,1659.72,0.461564385,1025,59,11.800127
Sri Lanka,3,37,2017,303590,87428125558,147.0878582,58.81927681,2.65275E+12,1659.72,0.427176783,1000,59,12.286033
Sri Lanka,3,38,2018,353684,88425889592,150.2282395,60.79599349,2.71317E+12,1659.72,0.420949291,748,60,13.075697
France,4,1,1981,57272,6.15552E+11,43.87251579,11.91188,1.93491E+11,7234.54,5.225416722,16,74,12.734258
France,4,2,1982,59267,5.84878E+11,49.12777279,13.21933,2.00715E+11,7234.54,4.718552653,13,73,14.55616956
France,4,3,1983,50158,5.59869E+11,53.77503827,14.5215,2.18262E+11,7234.54,4.34601068,47,75,16.41046482
France,4,4,1984,47148,5.30684E+11,57.90162857,15.76015,2.12158E+11,7234.54,4.264378526,159,75,18.26476009
France,4,5,1985,44091,5.53138E+11,61.27793028,17.0976,2.32512E+11,7234.54,4.514838607,39,76,20.11905535
France,4,6,1986,65948,7.71471E+11,62.83348642,18.33149,2.48986E+11,7234.54,5.971740484,96,74,21.97335062
France,4,7,1987,64432,9.34173E+11,64.90001584,19.76879,2.79034E+11,7234.54,7.072533039,166,73,23.82764588
France,4,8,1988,69799,1.01885E+12,66.65284538,21.37466,2.96589E+11,7234.54,7.662495911,358,73,25.68194115
France,4,9,1989,78001,1.02521E+12,68.98456334,23.34109,2.96042E+11,7234.54,8.340904371,324,74,27.53623641
France,4,10,1990,79496,1.26918E+12,71.18812578,25.92023,3.20979E+11,7234.54,10.54266621,349,74,29.39053168
France,4,11,1991,69346,1.26928E+12,73.47569023,28.40112,2.70105E+11,7234.54,13.22026752,339,77,31.24482694
France,4,12,1992,74304,1.40147E+12,75.21247954,30.63949,2.88208E+11,7234.54,16.05755539,237,78,33.09912221
France,4,13,1993,70694,1.32282E+12,76.79529818,32.77438,2.79296E+11,7234.54,17.6597879,42,79,34.95341747
France,4,14,1994,73088,1.39398E+12,78.06665611,34.3281,3.27276E+11,7234.54,18.53355476,107,79,36.80771274
France,4,15,1995,82349,1.60109E+12,79.46910908,35.40318,3.60282E+11,7234.54,21.30706451,179,79,41.29764
France,4,16,1996,93325,1.60568E+12,81.04488905,37.31175,3.92897E+11,7234.54,22.71775569,213,78,43.215659
France,4,17,1997,91423,1.45288E+12,82.02062327,38.84209,4.15868E+11,7234.54,20.4053558,193,80,44.963052
France,4,18,1998,97898,1.50311E+12,82.55468159,40.85061,4.21351E+11,7234.54,22.93778915,61,81,44.816909
France,4,19,1999,85891,1.49265E+12,82.99811716,42.76321,4.5882E+11,7234.54,45.88746147,112,81,45.950283
France,4,20,2000,100022,1.36225E+12,84.38913231,45.20986,4.68395E+11,7234.54,41.50863035,180,83,45.350994
France,4,21,2001,102434,1.37647E+12,85.76870964,48.87485,4.85441E+11,7234.54,42.26154583,234,83,47.17865
France,4,22,2002,78194,1.49429E+12,87.41839554,52.42364,5.14938E+11,7234.54,45.96464059,184,83,49.077703
France,4,23,2003,97654,1.84048E+12,89.25284626,56.44278,6.07699E+11,7234.54,52.69316599,196,83,51.360242
France,4,24,2004,131824,2.11574E+12,91.16472224,59.63414,7.09149E+11,7234.54,56.36925787,108,84,52.242786
France,4,25,2005,152258,2.19613E+12,92.75633919,64.15334,8.20382E+11,7234.54,54.86434991,146,84,55.146625
France,4,26,2006,175345,2.31859E+12,94.31012335,69.68994,9.4026E+11,7234.54,56.88742636,167,84,58.287283
France,4,27,2007,204827,2.65721E+12,95.71345616,77.42722,1.21674E+12,7234.54,56.66725689,149,86,60.721762
France,4,28,2008,207802,2.91838E+12,98.40574355,85.48515,1.1989E+12,7234.54,63.98548631,534,86,62.01317
France,4,29,2009,196462,2.69022E+12,98.49196713,88.74383,1.34189E+12,7234.54,67.51481507,672,85,68.094816
France,4,30,2010,225232,2.64261E+12,100,87.74624,1.67562E+12,7234.54,60.61947123,663,86,70.090248
France,4,31,2011,231423,2.86141E+12,102.111598,88.61709,1.82305E+12,7234.54,64.96320123,645,86,69.63047
France,4,32,2012,240674,2.68383E+12,104.107058,91.03355,1.82764E+12,7234.54,68.65555204,611,87,66.195057
France,4,33,2013,248379,2.81108E+12,105.0062468,92.73474,1.85672E+12,7234.54,77.82485556,694,87,66.284729
France,4,34,2014,246101,2.85217E+12,105.5394253,94.3144,2.03913E+12,7234.54,81.07775783,860,88,66.648587
France,4,35,2015,230854,2.43821E+12,105.5790178,100,2.10359E+12,7234.54,71.17740934,884,87,68.497229
France,4,36,2016,238707,2.47129E+12,105.7725809,104.8844,2.2948E+12,7234.54,74.37870091,1025,88,68.876551
France,4,37,2017,249620,2.59515E+12,106.864453,109.8652,2.65275E+12,7234.54,73.56661028,1000,87,71.021773
France,4,38,2018,261653,2.78786E+12,108.8423164,113.9996,2.71317E+12,7234.54,80.76484959,748,88,70.93147
Canada,5,1,1981,25358,3.06215E+11,42.52289639,119.8679,1.93491E+11,10720.09,7.222037099,16,68,31.92367978
Canada,5,2,1982,25991,3.13507E+11,47.10217516,68.91639282,2.00715E+11,10720.09,7.663827816,13,67,33.86435267
Canada,5,3,1983,29857,3.40548E+11,49.86405266,65.03546657,2.18262E+11,10720.09,8.194418472,47,67,35.80502556
Canada,5,4,1984,25135,3.55373E+11,52.01058958,63.72850864,2.12158E+11,10720.09,8.773751104,159,68,37.74569845
Canada,5,5,1985,29022,3.64756E+11,54.07126503,63.1143904,2.32512E+11,10720.09,9.057988316,39,68,39.68637134
Canada,5,6,1986,39837,3.77438E+11,56.33943904,65.08971303,2.48986E+11,10720.09,9.075995682,96,68,41.62704424
Canada,5,7,1987,37677,4.31317E+11,58.79364625,64.7611754,2.79034E+11,10720.09,9.775015282,166,67,43.56771713
Canada,5,8,1988,37498,5.07354E+11,61.16199199,66.57484533,2.96589E+11,10720.09,11.30825852,358,67,45.50839002
Canada,5,9,1989,40306,5.65056E+11,64.21007441,70.45481043,2.96042E+11,10720.09,13.70429271,324,69,47.44906291
Canada,5,10,1990,41046,5.9393E+11,67.27962221,73.5226848,3.20979E+11,10720.09,15.00162465,349,70,56.121127
Canada,5,11,1991,36142,6.10328E+11,71.06468231,75.6942051,2.70105E+11,10720.09,19.8498039,339,73,58.152992
Canada,5,12,1992,43386,5.92388E+11,72.12364053,78.65349942,2.88208E+11,10720.09,21.44253485,237,74,59.868798
Canada,5,13,1993,47800,5.77171E+11,73.46880366,77.07451438,2.79296E+11,10720.09,23.63660034,42,75,60.02273
Canada,5,14,1994,56441,5.78139E+11,73.59044076,76.05733705,3.27276E+11,10720.09,22.97309255,107,75,59.646174
Canada,5,15,1995,63821,6.04032E+11,75.17172295,75.93504252,3.60282E+11,10720.09,23.62722498,179,76,58.952696
Canada,5,16,1996,74031,6.28546E+11,76.35231826,76.42093619,3.92897E+11,10720.09,25.98651345,213,77,59.813057
Canada,5,17,1997,78570,6.52824E+11,77.59015455,75.6256223,4.15868E+11,10720.09,26.22659074,193,79,61.03144
Canada,5,18,1998,80111,6.31813E+11,78.36290784,74.69647585,4.21351E+11,10720.09,27.81207789,61,81,63.195499
Canada,5,19,1999,82892,6.76084E+11,79.72238122,73.43950668,4.5882E+11,10720.09,28.97979988,112,81,63.13235
Canada,5,20,2000,84013,7.42295E+11,81.89038351,71.34788907,4.68395E+11,10720.09,30.2556777,180,82,61.441625
Canada,5,21,2001,88600,7.3638E+11,83.95821408,155.1882371,4.85441E+11,10720.09,30.46564883,234,82,63.072423
Canada,5,22,2002,93598,7.57951E+11,85.85432169,152.7535821,5.14938E+11,10720.09,30.95522717,184,80,65.388031
Canada,5,23,2003,107671,8.92382E+11,88.22266743,146.0596796,6.07699E+11,10720.09,33.24967913,196,81,67.169955
Canada,5,24,2004,135884,1.0232E+12,89.86119061,144.6820279,7.09149E+11,10720.09,34.82448906,108,81,69.440029
Canada,5,25,2005,157643,1.16936E+12,91.85031483,149.026054,8.20382E+11,10720.09,36.40398555,146,81,72.418911
Canada,5,26,2006,176567,1.31542E+12,93.68918145,159.1786832,9.4026E+11,10720.09,39.94112839,167,81,76.179337
Canada,5,27,2007,208214,1.46498E+12,95.69261591,112.3826066,1.21674E+12,10720.09,38.49793016,149,82,80.587782
Canada,5,28,2008,222364,1.54913E+12,97.96078993,122.9488178,1.1989E+12,10720.09,40.77004655,534,82,83.840352
Canada,5,29,2009,224069,1.37115E+12,98.25414997,138.8795311,1.34189E+12,10720.09,42.40364899,672,82,94.886383
Canada,5,30,2010,242372,1.61346E+12,100,142.1350474,1.67562E+12,10720.09,44.38913389,663,83,94.943783
Canada,5,31,2011,259017,1.78865E+12,102.9121351,145.3905637,1.82305E+12,10720.09,47.17723706,645,83,93.913181
Canada,5,32,2012,256021,1.82869E+12,104.4719519,148.64608,1.82764E+12,10720.09,53.47120126,611,83,95.017461
Canada,5,33,2013,255222,1.84721E+12,105.4522038,151.9015963,1.85672E+12,10720.09,56.88352591,694,83,95.392028
Canada,5,34,2014,268485,1.80353E+12,107.4627934,155.1571126,2.03913E+12,10720.09,55.2429716,860,84,95.083608
Canada,5,35,2015,281306,1.55613E+12,108.6720092,158.412629,2.10359E+12,10720.09,50.16627821,884,84,100.62886
Canada,5,36,2016,317239,1.52824E+12,110.2246709,161.6681453,2.2948E+12,10720.09,50.68990959,1025,84,104.06984
Canada,5,37,2017,335439,1.64988E+12,111.9848311,164.9236616,2.65275E+12,10720.09,50.17317984,1000,84,103.46858
Canada,5,38,2018,351040,1.71626E+12,114.5248998,168.1791779,2.71317E+12,10720.09,52.77706506,748,84,103.3365
Japan,6,1,1981,29032,1.21899E+12,80.94621428,145.6965295,1.93491E+11,5974.95,0.039261297,16,54,8.269262961
Japan,6,2,1982,29103,1.13452E+12,83.16498316,151.4884175,2.00715E+11,5974.95,0.037960729,13,55,9.712728615
Japan,6,3,1983,26662,1.24332E+12,84.74488474,157.2657862,2.18262E+11,5974.95,0.042519588,47,55,11.15619427
Japan,6,4,1984,29566,1.31838E+12,86.66148666,159.9727028,2.12158E+11,5974.95,0.047837924,159,56,12.59965992
Japan,6,5,1985,30573,1.39889E+12,88.42268842,163.2531781,2.32512E+11,5974.95,0.051852796,39,56,14.04312558
Japan,6,6,1986,36402,2.07895E+12,88.94932228,169.769039,2.48986E+11,5974.95,0.074832933,96,56,15.48659123
Japan,6,7,1987,46240,2.53281E+12,89.06155573,177.6632634,2.79034E+11,5974.95,0.089613689,166,56,16.93005688
Japan,6,8,1988,49244,3.07168E+12,89.66588967,180.3565377,2.96589E+11,5974.95,0.108598536,358,56,18.37352254
Japan,6,9,1989,58707,3.05491E+12,91.70335837,186.9661238,2.96042E+11,5974.95,0.117606412,324,56,19.81698819
Japan,6,10,1990,59122,3.13282E+12,94.52646119,185.6228444,3.20979E+11,5974.95,0.120886786,349,56,21.26045384
Japan,6,11,1991,46655,3.58442E+12,97.59993093,184.0591212,2.70105E+11,5974.95,0.168829308,339,57,22.7039195
Japan,6,12,1992,60137,3.90881E+12,99.31796598,185.4263701,2.88208E+11,5974.95,0.20464122,237,60,24.14738515
Japan,6,13,1993,49616,4.45414E+12,100.5525339,193.5290567,2.79296E+11,5974.95,0.274225709,42,61,25.5908508
Japan,6,14,1994,63398,4.90704E+12,101.2518346,199.1210232,3.27276E+11,5974.95,0.306960337,107,61,27.03431646
Japan,6,15,1995,76042,5.44912E+12,101.1223345,202.7817444,3.60282E+11,5974.95,0.344750391,179,58,26.838109
Japan,6,16,1996,99018,4.83371E+12,101.2604679,205.1850213,3.92897E+11,5974.95,0.325735251,213,62,27.547444
Japan,6,17,1997,99729,4.41473E+12,103.030303,213.7183617,4.15868E+11,5974.95,0.300132465,193,64,28.648392
Japan,6,18,1998,89565,4.03251E+12,103.712337,223.0376817,4.21351E+11,5974.95,0.315184831,61,66,29.19737
Japan,6,19,1999,73373,4.56208E+12,103.35837,232.9169263,4.5882E+11,5974.95,0.377988201,112,66,32.28297
Japan,6,20,2000,98159,4.88752E+12,102.6590693,232.8665517,4.68395E+11,5974.95,0.417031478,180,67,34.30395
Japan,6,21,2001,80634,4.30354E+12,101.8993352,194.0855632,4.85441E+11,5974.95,0.388273042,234,68,35.627671
Japan,6,22,2002,59709,4.11512E+12,100.958301,198.542306,5.14938E+11,5974.95,0.387679138,184,67,37.591603
Japan,6,23,2003,77996,4.44566E+12,100.6993007,199.8422004,6.07699E+11,5974.95,0.401810508,196,68,39.727237
Japan,6,24,2004,96851,4.81515E+12,100.6906674,198.9370887,7.09149E+11,5974.95,0.418850084,108,69,42.005963
Japan,6,25,2005,103082,4.75541E+12,100.4057671,198.4802325,8.20382E+11,5974.95,0.400115138,146,69,45.173018
Japan,6,26,2006,119292,4.53038E+12,100.656134,196.0219762,9.4026E+11,5974.95,0.389572455,167,70,48.195032
Japan,6,27,2007,145538,4.51526E+12,100.7165674,195.565747,1.21674E+12,5974.95,0.351144748,149,72,50.644274
Japan,6,28,2008,145352,5.03791E+12,102.1065354,201.3574778,1.1989E+12,5974.95,0.420911342,534,73,51.653233
Japan,6,29,2009,124756,5.23138E+12,100.7252007,218.6308097,1.34189E+12,5974.95,0.517315599,672,73,55.330777
Japan,6,30,2010,168019,5.7001E+12,100,217.6859219,1.67562E+12,5974.95,0.520914528,663,73,56.390048
Japan,6,31,2011,193525,6.15746E+12,99.7323664,228.0790829,1.82305E+12,5974.95,0.584791498,645,74,56.168469
Japan,6,32,2012,220015,6.20321E+12,99.68056635,231.4341523,1.82764E+12,5974.95,0.669719618,611,75,56.482157
Japan,6,33,2013,220283,5.15572E+12,100.0259,235.7030031,1.85672E+12,5974.95,0.60041447,694,76,56.313715
Japan,6,34,2014,219516,4.85041E+12,102.7885695,237.3919,2.03913E+12,5974.95,0.57605022,860,76,55.638885
Japan,6,35,2015,207415,4.38948E+12,103.6001036,236.4865755,2.10359E+12,5974.95,0.529988524,884,78,54.768615
Japan,6,36,2016,208847,4.92254E+12,103.4792368,243.7925881,2.2948E+12,5974.95,0.617644284,1025,78,54.074185
Japan,6,37,2017,222527,4.86686E+12,103.962704,247.5556762,2.65275E+12,5974.95,0.580581341,1000,78,53.625922
Japan,6,38,2018,236236,4.95481E+12,104.9814383,252.6477015,2.71317E+12,5974.95,0.619339775,748,78,53.634252
Germany,7,1,1981,55471,8.00472E+11,55.4871751,11.91188,1.93491E+11,6588.79,3.831204788,16,72,81.582755
Germany,7,2,1982,50885,7.76576E+11,58.39528409,13.21933,2.00715E+11,6588.79,3.896466005,13,72,80.82108695
Germany,7,3,1983,52120,7.70684E+11,60.31848291,14.5215,2.18262E+11,6588.79,3.955298262,47,72,80.05941889
Germany,7,4,1984,48930,7.25111E+11,61.76962199,15.76015,2.12158E+11,6588.79,3.992556653,159,72,79.29775084
Germany,7,5,1985,45738,7.32535E+11,63.04592491,17.0976,2.32512E+11,6588.79,4.201389282,39,73,78.53608278
Germany,7,6,1986,64811,1.04626E+12,62.96433541,18.33149,2.48986E+11,6588.79,5.807474154,96,73,77.77441472
Germany,7,7,1987,72300,1.29818E+12,63.12168716,19.76879,2.79034E+11,6588.79,7.211283017,166,73,77.01274667
Germany,7,8,1988,77543,1.40123E+12,63.92593571,21.37466,2.96589E+11,6588.79,7.924430716,358,72,76.25107861
Germany,7,9,1989,78812,1.39897E+12,65.70343458,23.34109,2.96042E+11,6588.79,8.63039383,324,71,75.48941056
Germany,7,10,1990,71374,1.77167E+12,67.47510889,25.92023,3.20979E+11,6588.79,8.795127743,349,74,74.7277425
Germany,7,11,1991,72019,1.86895E+12,70.20585139,28.40112,2.70105E+11,6588.79,9.455253365,339,76,73.96607445
Germany,7,12,1992,84422,2.13157E+12,73.75614678,30.63949,2.88208E+11,6588.79,10.11537899,237,77,73.20440639
Germany,7,13,1993,83340,2.07132E+12,77.05642092,32.77438,2.79296E+11,6588.79,10.77550461,42,77,72.44273833
Germany,7,14,1994,85352,2.20507E+12,79.13159455,34.3281,3.27276E+11,6588.79,11.43563023,107,77,71.68107028
Germany,7,15,1995,89040,2.58579E+12,80.48170658,35.40318,3.60282E+11,6588.79,12.09575585,179,77,61.061591
Germany,7,16,1996,99853,2.49724E+12,81.64847119,37.31175,3.92897E+11,6588.79,12.75588147,213,78,64.273023
Germany,7,17,1997,105979,2.21199E+12,83.23193667,38.84209,4.15868E+11,6588.79,13.4160071,193,80,66.148382
Germany,7,18,1998,93993,2.23899E+12,83.99033385,40.85061,4.21351E+11,6588.79,14.07613272,61,80,68.120054
Germany,7,19,1999,85033,2.1942E+12,84.4820411,42.76321,4.5882E+11,6588.79,14.73625834,112,81,70.546934
Germany,7,20,2000,83881,1.94315E+12,85.69880906,45.20986,4.68395E+11,6588.79,15.39638396,180,84,71.0496
Germany,7,21,2001,80011,1.94411E+12,87.39895083,48.87485,4.85441E+11,6588.79,16.05650958,234,84,69.950381
Germany,7,22,2002,64891,2.06862E+12,88.64072002,52.42364,5.14938E+11,6588.79,16.71663521,184,83,69.873346
Germany,7,23,2003,76868,2.49613E+12,89.55746696,56.44278,6.07699E+11,6588.79,17.37676083,196,84,70.230651
Germany,7,24,2004,116679,2.80919E+12,91.04925561,59.63414,7.09149E+11,6588.79,18.03688645,108,85,68.914308
Germany,7,25,2005,120243,2.8458E+12,92.45770533,64.15334,8.20382E+11,6588.79,18.69701207,146,86,67.853569
Germany,7,26,2006,156808,2.9922E+12,93.9161593,69.68994,9.4026E+11,6588.79,19.35713769,167,86,65.025073
Germany,7,27,2007,184195,3.42123E+12,96.07467364,77.42722,1.21674E+12,6588.79,20.01726331,149,88,61.259027
Germany,7,28,2008,204344,3.73003E+12,98.59988283,85.48515,1.1989E+12,6588.79,20.67738894,534,87,59.556488
Germany,7,29,2009,191616,3.39779E+12,98.90824177,88.74383,1.34189E+12,6588.79,21.33751456,672,87,61.924252
Germany,7,30,2010,227720,3.39635E+12,100,87.74624,1.67562E+12,6588.79,21.99764018,663,87,59.245827
Germany,7,31,2011,240235,3.74441E+12,102.0751745,88.61709,1.82305E+12,6588.79,22.6577658,645,87,57.047179
Germany,7,32,2012,254783,3.52734E+12,104.1253451,91.03355,1.82764E+12,6588.79,23.31789142,611,87,56.594702
Germany,7,33,2013,252003,3.73274E+12,105.6921411,92.73474,1.85672E+12,6588.79,23.97801705,694,87,55.667206
Germany,7,34,2014,239106,3.88392E+12,106.6505552,94.3144,2.03913E+12,6588.79,24.63814267,860,88,54.207957
Germany,7,35,2015,248314,3.35624E+12,107.1991876,100,2.10359E+12,6588.79,25.29826829,884,88,53.592318
Germany,7,36,2016,265928,3.4675E+12,107.7263381,104.8844,2.2948E+12,6588.79,25.95839391,1025,88,53.280336
Germany,7,37,2017,269380,3.6826E+12,109.3524635,109.8652,2.65275E+12,6588.79,26.61851953,1000,89,53.023749
Germany,7,38,2018,274087,3.96377E+12,111.2466315,113.9996,2.71317E+12,6588.79,27.27864515,748,89,53.399317
Malasia,8,1,1981,26458,25004557094,45.42614906,119.8679,1.93491E+11,8268.74,3.757835543,16,54,9.498104093
Malasia,8,2,1982,26552,26804401816,48.06945126,95.76022438,2.00715E+11,8268.74,4.048627933,13,55,11.17801686
Malasia,8,3,1983,25796,30346788438,49.85005692,99.15067287,2.18262E+11,8268.74,4.350629294,47,55,12.85792962
Malasia,8,4,1984,22993,33943505718,51.79284953,102.1045883,2.12158E+11,8268.74,4.848259654,159,55,14.53784238
Malasia,8,5,1985,23265,31200161095,51.97229041,115.1361817,2.32512E+11,8268.74,4.981289749,39,55,16.21775515
Malasia,8,6,1986,26209,27734562640,52.35532767,140.761656,2.48986E+11,8268.74,4.885190123,96,55,17.89766791
Malasia,8,7,1987,28480,32181695507,52.50716226,127.0267004,2.79034E+11,8268.74,5.144190668,166,56,19.57758068
Malasia,8,8,1988,29635,35271880250,53.84951808,121.079463,2.96589E+11,8268.74,5.314331719,358,58,21.25749344
Malasia,8,9,1989,33120,38848567631,55.36441321,129.4818165,2.96042E+11,8268.74,5.989829601,324,58,22.9374062
Malasia,8,10,1990,34278,44024178343,56.81374339,64.37710466,3.20979E+11,8268.74,6.471093858,349,58,24.61731897
Malasia,8,11,1991,30617,49143148094,59.28987571,66.30879784,2.70105E+11,8268.74,8.269775278,339,60,26.29723173
Malasia,8,12,1992,35201,59167550163,62.11635944,102.223026,2.88208E+11,8268.74,10.17439464,237,63,27.97714449
Malasia,8,13,1993,35334,66894837030,64.31315752,113.0343101,2.79296E+11,8268.74,11.84621844,42,64,29.65705726
Malasia,8,14,1994,40762,74478356958,66.7088037,111.0389796,3.27276E+11,8268.74,11.95528734,107,66,31.33697002
Malasia,8,15,1995,50039,88705342903,69.01064107,115.6298517,3.60282E+11,8268.74,12.94802057,179,67,33.01688279
Malasia,8,16,1996,53370,1.00855E+11,71.41811832,120.1252503,3.92897E+11,8268.74,14.08345911,213,69,34.69679555
Malasia,8,17,1997,60401,1.00005E+11,73.31963614,125.5068716,4.15868E+11,8268.74,12.90821605,193,70,36.37670831
Malasia,8,18,1998,47496,72167498981,77.18383172,125.1518911,4.21351E+11,8268.74,10.51361427,61,71,38.05662108
Malasia,8,19,1999,52613,79148421053,79.3021893,132.1210371,4.5882E+11,8268.74,11.33037588,112,71,39.73653384
Malasia,8,20,2000,60513,93789736842,80.51927191,122.6987503,4.68395E+11,8268.74,11.82673816,180,72,41.4164466
Malasia,8,21,2001,57869,92783947368,81.66005666,138.4607025,4.85441E+11,8268.74,12.41747741,234,73,43.09635937
Malasia,8,22,2002,63748,1.00846E+11,83.13636633,133.1044669,5.14938E+11,8268.74,12.79218925,184,74,44.77627213
Malasia,8,23,2003,70750,1.10202E+11,84.04228364,132.3112718,6.07699E+11,8268.74,12.25875899,196,75,46.4561849
Malasia,8,24,2004,84390,1.24749E+11,85.23675238,131.7113689,7.09149E+11,8268.74,11.92538596,108,76,48.13609766
Malasia,8,25,2005,96276,1.43534E+11,87.77260621,124.9641219,8.20382E+11,8268.74,11.64481319,146,77,49.81601042
Malasia,8,26,2006,107286,1.62691E+11,90.9405264,129.3382262,9.4026E+11,8268.74,12.35136932,167,78,53.219645
Malasia,8,27,2007,112741,1.93548E+11,92.78421205,125.2023784,1.21674E+12,8268.74,12.02842146,149,78,51.389132
Malasia,8,28,2008,115794,2.30814E+11,97.83239896,119.5902405,1.1989E+12,8268.74,13.04177367,534,78,48.724829
Malasia,8,29,2009,135343,2.02258E+11,98.40306356,139.1656209,1.34189E+12,8268.74,13.73392728,672,79,57.792036
Malasia,8,30,2010,179077,2.55017E+11,100,129.6446486,1.67562E+12,8268.74,14.19577097,663,79,58.748007
Malasia,8,31,2011,208196,2.97952E+11,103.1744709,133.8905966,1.82305E+12,8268.74,15.25177149,645,80,59.753213
Malasia,8,32,2012,195853,3.14443E+11,104.8908515,136.8038681,1.82764E+12,8268.74,17.30031674,611,80,62.832712
Malasia,8,33,2013,242649,3.23277E+11,107.0988169,140.092354,1.85672E+12,8268.74,18.59712667,694,80,67.069893
Malasia,8,34,2014,262026,3.38062E+11,110.4649225,137.1023286,2.03913E+12,8268.74,18.6471524,860,82,67.886309
Malasia,8,35,2015,272941,3.01355E+11,112.7895351,132.8127793,2.10359E+12,8268.74,16.42605048,884,81,69.741644
Malasia,8,36,2016,301961,3.01255E+11,115.1474754,128.5841865,2.2948E+12,8268.74,16.19827449,1025,81,69.13988
Malasia,8,37,2017,322126,3.19112E+11,119.6050658,122.5342056,2.65275E+12,8268.74,15.14299824,1000,81,66.192041
Malasia,8,38,2018,319172,3.58715E+11,120.6632228,125.1045236,2.71317E+12,8268.74,16.94851585,748,82,67.990856
Bangladesh,9,1,1981,192509,20249694002,15.28353531,14.07289652,1.93491E+11,1209.15,0.481384958,16,24,7.272485298
Bangladesh,9,2,1982,205410,18525399202,17.14932324,14.05757322,2.00715E+11,1209.15,0.427488101,13,24,7.311684639
Bangladesh,9,3,1983,213832,17609048822,19.01511117,17.50570638,2.18262E+11,1209.15,0.410267068,47,25,7.350883981
Bangladesh,9,4,1984,247543,18920840000,20.8808991,21.10455984,2.12158E+11,1209.15,0.448158602,159,25,7.390083322
Bangladesh,9,5,1985,272350,22278423077,22.74668703,19.5926034,2.32512E+11,1209.15,0.441826412,39,25,7.429282664
Bangladesh,9,6,1986,204260,21774033333,24.28000283,20.19791158,2.48986E+11,1209.15,0.41473591,96,26,7.468482005
Bangladesh,9,7,1987,185296,24298032258,26.67757932,20.81079179,2.79034E+11,1209.15,0.418790624,166,27,7.507681346
Bangladesh,9,8,1988,200617,26579005760,28.65512584,21.48480884,2.96589E+11,1209.15,0.438564722,358,30,7.546880688
Bangladesh,9,9,1989,213451,28781714764,30.38746567,22.87819044,2.96042E+11,1209.15,0.502804462,324,30,7.586080029
Bangladesh,9,10,1990,225566,31598341234,32.24922014,22.44663913,3.20979E+11,1209.15,0.506337963,349,30,7.625279371
Bangladesh,9,11,1991,251260,30957483950,34.29942049,24.00871146,2.70105E+11,1209.15,0.621442764,339,31,7.664478712
Bangladesh,9,12,1992,246589,31708874594,35.54588781,24.86765011,2.88208E+11,1209.15,0.665406386,237,32,7.703678054
Bangladesh,9,13,1993,277565,33166519418,36.61753185,26.20495003,2.79296E+11,1209.15,0.770669831,42,32,7.742877395
Bangladesh,9,14,1994,282271,33768660883,38.56329232,28.95216408,3.27276E+11,1209.15,0.780213519,107,35,7.782076737
Bangladesh,9,15,1995,318474,37939748769,42.53446758,28.82791574,3.60282E+11,1209.15,0.805075237,179,36,7.821276078
Bangladesh,9,16,1996,322355,46438484108,43.54556676,25.63388009,3.92897E+11,1209.15,0.847801852,213,35,7.86047542
Bangladesh,9,17,1997,355371,48244309133,45.85592081,25.93687865,4.15868E+11,1209.15,0.827330493,193,35,7.899674761
Bangladesh,9,18,1998,339757,49984559471,49.70884439,26.23250616,4.21351E+11,1209.15,0.879624598,61,36,7.938874103
Bangladesh,9,19,1999,414359,51270569884,52.74441235,27.88515952,4.5882E+11,1209.15,0.877153458,112,37,7.978073444
Bangladesh,9,20,2000,414437,53369787319,53.90914412,30.55398926,4.68395E+11,1209.15,0.861913473,180,38,8.017272786
Bangladesh,9,21,2001,431312,53991289844,54.9911943,40.26714767,4.85441E+11,1209.15,0.845533643,234,38,8.056472127
Bangladesh,9,22,2002,435867,54724081491,56.82381156,42.74017724,5.14938E+11,1209.15,0.8397305,184,40,8.095671469
Bangladesh,9,23,2003,454611,60158929188,60.04498736,43.98857718,6.07699E+11,1209.15,0.801087741,196,40,8.13487081
Bangladesh,9,24,2004,477446,65108544250,64.60092262,45.62299436,7.09149E+11,1209.15,0.761459292,108,41,7.7430319
Bangladesh,9,25,2005,456371,69442943089,69.15310297,47.42106815,8.20382E+11,1209.15,0.685554267,146,42,8.2787001
Bangladesh,9,26,2006,484401,71819083684,73.83149099,50.47599856,9.4026E+11,1209.15,0.657259295,167,44,8.4311419
Bangladesh,9,27,2007,480240,79611888213,80.55531378,50.28191176,1.21674E+12,1209.15,0.600342771,149,47,7.678886
Bangladesh,9,28,2008,541884,91631278239,87.72630342,51.18762707,1.1989E+12,1209.15,0.634202294,534,48,7.8170962
Bangladesh,9,29,2009,468899,1.02478E+11,92.48411524,54.88171559,1.34189E+12,1209.15,0.701128636,672,48,8.2554855
Bangladesh,9,30,2010,431962,1.15279E+11,100,58.74590161,1.67562E+12,1209.15,0.656515106,663,50,9.0990945
Bangladesh,9,31,2011,463543,1.28638E+11,111.3951652,59.81176831,1.82305E+12,1209.15,0.629385788,645,51,9.0816319
Bangladesh,9,32,2012,487397,1.33356E+11,118.3211643,60.74246083,1.82764E+12,1209.15,0.652766895,611,51,8.7659827
Bangladesh,9,33,2013,524923,1.4999E+11,127.2312288,61.3999143,1.85672E+12,1209.15,0.750261438,694,51,8.4960905
Bangladesh,9,34,2014,942562,1.72885E+11,136.1267769,63.3375541,2.03913E+12,1209.15,0.786043373,860,51,9.213216533
Bangladesh,9,35,2015,1133879,1.95079E+11,144.5588509,64.50655207,2.10359E+12,1209.15,0.823021026,884,51,8.984056733
Bangladesh,9,36,2016,1380409,2.21415E+11,152.5291403,65.84828156,2.2948E+12,1209.15,0.856339327,1025,51,8.754896933
Bangladesh,9,37,2017,2156557,2.49711E+11,161.2264589,65.68610263,2.65275E+12,1209.15,0.809591732,1000,50,8.5259028
Bangladesh,9,38,2018,2256675,2.74039E+11,170.1642434,64.30484386,2.71317E+12,1209.15,0.819367187,748,50,8.296246
Thailand,10,1,1981,3233,34846107862,36.49017667,42.37007335,1.93491E+11,2474.77,0.396807831,16,38,12.24141907
Thailand,10,2,1982,3233,36589797857,38.40922421,47.21198089,2.00715E+11,2474.77,0.411090619,13,38,12.24141907
Thailand,10,3,1983,3233,40042826244,39.84055802,53.39631589,2.18262E+11,2474.77,0.439080317,47,38,12.24141907
Thailand,10,4,1984,3233,41797592963,40.18513838,59.56150765,2.12158E+11,2474.77,0.480663558,159,39,12.24141907
Thailand,10,5,1985,3233,38900692712,41.16233294,62.08992764,2.32512E+11,2474.77,0.455421829,39,41,12.24141907
Thailand,10,6,1986,3233,43096746122,41.92040974,65.76239297,2.48986E+11,2474.77,0.479519738,96,41,12.24141907
Thailand,10,7,1987,4259,50535438696,42.95436035,68.48047615,2.79034E+11,2474.77,0.503891559,166,42,12.24141907
Thailand,10,8,1988,5285,61667199835,44.61357163,67.32175385,2.96589E+11,2474.77,0.550215493,358,43,12.24141907
Thailand,10,9,1989,6311,72250877410,47.00283588,71.35034343,2.96042E+11,2474.77,0.631292146,324,43,12.24141907
Thailand,10,10,1990,7337,85343063966,49.75907971,76.16468239,3.20979E+11,2474.77,0.684118962,349,44,12.24141907
Thailand,10,11,1991,8363,98234695722,52.60024981,79.21595061,2.70105E+11,2474.77,0.8912731,339,48,12.24141907
Thailand,10,12,1992,9389,1.11453E+11,54.77745082,81.02340215,2.88208E+11,2474.77,1.020391833,237,51,14.56021735
Thailand,10,13,1993,10415,1.28889E+11,56.59178499,83.63293569,2.79296E+11,2474.77,1.204334915,42,52,16.87901564
Thailand,10,14,1994,11441,1.46683E+11,59.44839624,81.88888002,3.27276E+11,2474.77,1.247467297,107,52,19.19781393
Thailand,10,15,1995,12467,1.69279E+11,62.90721202,84.33570099,3.60282E+11,2474.77,1.301499016,179,54,21.51661221
Thailand,10,16,1996,13493,1.83035E+11,66.55904207,84.82528641,3.92897E+11,2474.77,1.398161889,213,56,23.8354105
Thailand,10,17,1997,14519,1.50181E+11,70.30351898,99.86531884,4.15868E+11,2474.77,1.157789141,193,58,26.15420879
Thailand,10,18,1998,15545,1.13676E+11,75.92409462,110.1261073,4.21351E+11,2474.77,0.997581625,61,60,28.47300707
Thailand,10,19,1999,16571,1.26669E+11,76.14027061,112.2032846,4.5882E+11,2474.77,1.138621151,112,60,29.67064488
Thailand,10,20,2000,17597,1.26392E+11,77.35240025,111.2093171,4.68395E+11,2474.77,1.12040849,180,63,32.53117694
Thailand,10,21,2001,18623,1.20296E+11,78.61085331,122.7591351,4.85441E+11,2474.77,1.061994067,234,65,35.391709
Thailand,10,22,2002,19649,1.34301E+11,79.15901385,115.2105579,5.14938E+11,2474.77,1.131522925,184,64,38.25224106
Thailand,10,23,2003,25754,1.52281E+11,80.58731947,111.7932922,6.07699E+11,2474.77,1.122905017,196,63,42.235578
Thailand,10,24,2004,33442,1.72896E+11,82.8108439,107.4363536,7.09149E+11,2474.77,1.126647089,108,64,43.694443
Thailand,10,25,2005,41978,1.89319E+11,86.57076195,104.1041914,8.20382E+11,2474.77,1.096465247,146,65,45.078549
Thailand,10,26,2006,46623,2.21758E+11,90.58545884,102.0561876,9.4026E+11,2474.77,1.196004129,167,67,44.406453
Thailand,10,27,2007,50037,2.62942E+11,92.615969,100.3654242,1.21674E+12,2474.77,1.197876963,149,67,51.701921
Thailand,10,28,2008,58065,2.91383E+11,97.68066353,102.4456963,1.1989E+12,2474.77,1.305940345,534,69,52.429249
Thailand,10,29,2009,67309,2.8171E+11,96.85456244,109.9220731,1.34189E+12,2474.77,1.411817814,672,68,57.870646
Thailand,10,30,2010,76617,3.41105E+11,100,108.9809213,1.67562E+12,2474.77,1.443105404,663,68,59.267922
Thailand,10,31,2011,92404,3.70819E+11,103.8087906,119.9257074,1.82305E+12,2474.77,1.530594085,645,70,66.189451
Thailand,10,32,2012,105141,3.97558E+11,106.9385213,121.1165476,1.82764E+12,2474.77,1.719173688,611,71,71.781237
Thailand,10,33,2013,117136,4.20333E+11,109.2750063,124.3692257,1.85672E+12,2474.77,1.907111534,694,71,76.597197
Thailand,10,34,2014,121362,4.07339E+11,111.3459226,127.0495811,2.03913E+12,2474.77,1.878997156,860,72,79.726274
Thailand,10,35,2015,129232.4727,4.01296E+11,110.3433361,127.7307619,2.10359E+12,2474.77,1.873174352,884,71,81.161713
Thailand,10,36,2016,138496.7636,4.1343E+11,110.5509468,125.3769395,2.2948E+12,2474.77,1.903744986,1025,72,79.382118
Thailand,10,37,2017,140087,4.56295E+11,111.2868092,124.0616649,2.65275E+12,2474.77,1.918736923,1000,72,78.141757
Thailand,10,38,2018,166293,5.06514E+11,112.4707868,122.8777277,2.71317E+12,2474.77,2.11665086,748,72,78.391388
Australia,11,1,1981,20940,1.76642E+11,30.02081165,39.35908559,1.93491E+11,8005.15,9.949870978,16,63,38.640998
Australia,11,2,1982,23395,1.9377E+11,33.42872008,37.71128726,2.00715E+11,8005.15,9.590717515,13,63,38.649387
Australia,11,3,1983,23436,1.7703E+11,36.78459938,39.64521535,2.18262E+11,8005.15,9.097983587,47,63,39.323321
Australia,11,4,1984,24546,1.93242E+11,38.24141519,39.26932486,2.12158E+11,8005.15,9.971384135,159,63,39.968668
Australia,11,5,1985,22047,1.80235E+11,40.81685744,42.04874603,2.32512E+11,8005.15,8.638028629,39,64,42.658061
Australia,11,6,1986,33264,1.82037E+11,44.51092612,41.5969874,2.48986E+11,8005.15,8.429846996,96,64,43.441393
Australia,11,7,1987,32883,1.89062E+11,48.30905307,43.96170943,2.79034E+11,8005.15,9.075536697,166,65,42.320892
Australia,11,8,1988,31462,2.35658E+11,51.7950052,45.72677677,2.96589E+11,8005.15,10.87350006,358,66,42.326282
Australia,11,9,1989,30443,2.99272E+11,55.69719043,52.79482826,2.96042E+11,8005.15,12.83057312,324,66,44.691342
Australia,11,10,1990,30076,3.10781E+11,59.78147763,54.17595206,3.20979E+11,8005.15,13.66333001,349,66,45.174482
Australia,11,11,1991,22700,3.25316E+11,61.6805411,53.41122936,2.70105E+11,8005.15,17.7155443,339,68,47.044358
Australia,11,12,1992,26646,3.24884E+11,62.30489074,56.27152211,2.88208E+11,8005.15,19.0343444,237,70,46.989969
Australia,11,13,1993,28795,3.11549E+11,63.3975026,56.68293583,2.79296E+11,8005.15,20.73583646,42,71,48.173949
Australia,11,14,1994,33142,3.22214E+11,64.64620187,59.33551142,3.27276E+11,8005.15,22.93820024,107,72,51.560827
Australia,11,15,1995,36150,3.67216E+11,67.63787721,60.63941628,3.60282E+11,8005.15,24.03728351,179,73,54.289373
Australia,11,16,1996,48755,4.00303E+11,69.40686785,62.89606696,3.92897E+11,8005.15,27.72845296,213,73,56.717814
Australia,11,17,1997,50647,4.34568E+11,69.56295525,64.12824602,4.15868E+11,8005.15,26.95103522,193,74,60.104388
Australia,11,18,1998,57807,3.98899E+11,70.16129032,65.65562246,4.21351E+11,8005.15,25.91948148,61,75,63.746302
Australia,11,19,1999,73041,3.88608E+11,71.20187305,69.5504862,4.5882E+11,8005.15,27.77859178,112,76,68.31439
Australia,11,20,2000,53995,4.15223E+11,74.37565036,67.67535873,4.68395E+11,8005.15,26.05572251,180,77,70.844227
Australia,11,21,2001,52691,3.78376E+11,77.65348595,70.39762014,4.85441E+11,8005.15,24.40538789,234,78,74.837004
Australia,11,22,2002,50743,3.94649E+11,79.96878252,70.43690072,5.14938E+11,8005.15,26.41057784,184,78,82.510091
Australia,11,23,2003,58730,4.66488E+11,82.15400624,74.79537663,6.07699E+11,8005.15,30.21133418,196,78,91.898759
Australia,11,24,2004,81608,6.1249E+11,84.07908429,77.5209825,7.09149E+11,8005.15,33.3269964,108,78,98.073039
Australia,11,25,2005,96258,6.93408E+11,86.34235172,78.51806866,8.20382E+11,8005.15,33.67764267,146,79,102.63015
Australia,11,26,2006,109867,7.46054E+11,89.41207076,83.63053631,9.4026E+11,8005.15,34.11740548,167,79,107.39856
Australia,11,27,2007,135925,8.531E+11,91.49323621,90.67413698,1.21674E+12,8005.15,34.59918401,149,81,110.35033
Australia,11,28,2008,146209,1.054E+12,95.47346514,97.91784891,1.1989E+12,8005.15,36.49217748,534,80,107.96819
Australia,11,29,2009,149074,9.27805E+11,97.16441207,94.4157902,1.34189E+12,8005.15,37.75205827,672,80,113.00264
Australia,11,30,2010,169647,1.14614E+12,100,100.6992253,1.67562E+12,8005.15,41.94414917,663,81,111.84685
Australia,11,31,2011,192592,1.39665E+12,103.3038502,99.86516769,1.82305E+12,8005.15,48.14052415,645,81,109.55076
Australia,11,32,2012,202105,1.54615E+12,105.1248699,101.2808489,1.82764E+12,8005.15,55.32944327,611,81,109.99155
Australia,11,33,2013,218967,1.57618E+12,107.7003122,105.5212299,1.85672E+12,8005.15,56.57019448,694,80,112.15961
Australia,11,34,2014,239762,1.46748E+12,110.3798127,108.5461305,2.03913E+12,8005.15,55.01310063,860,81,115.9831
Australia,11,35,2015,263101,1.35169E+12,112.0447451,113.1954747,2.10359E+12,8005.15,48.19503701,884,81,120.96198
Australia,11,36,2016,293625,1.20885E+12,113.4755463,118.1157222,2.2948E+12,8005.15,49.95139361,1025,81,123.87593
Australia,11,37,2017,324243,1.32919E+12,115.6867846,116.3356655,2.65275E+12,8005.15,49.91083773,1000,82,123.06193
Australia,11,38,2018,346486,1.43288E+12,117.8980229,113.5443645,2.71317E+12,8005.15,51.09746447,748,82,122.32724
Singapore,12,1,1981,17950,14175228844,62.16259598,64.80956774,1.93491E+11,3589.42,4.098337186,16,65,14.32674904
Singapore,12,2,1982,19026,16084252378,64.59706151,67.10769484,2.00715E+11,3589.42,4.418234337,13,65,15.51473606
Singapore,12,3,1983,21252,17784112150,65.36990771,67.06868464,2.18262E+11,3589.42,4.779299235,47,65,16.70272309
Singapore,12,4,1984,19204,19749361098,67.07016935,64.98859345,2.12158E+11,3589.42,5.326835177,159,65,17.89071011
Singapore,12,5,1985,18485,19156532746,67.3921886,68.88416849,2.32512E+11,3589.42,5.621775789,39,66,19.07869713
Singapore,12,6,1986,24189,18586746057,66.45833278,75.70055291,2.48986E+11,3589.42,5.791649126,96,66,20.26668415
Singapore,12,7,1987,26380,20919215578,66.80611357,81.42789712,2.79034E+11,3589.42,6.154607112,166,67,21.45467117
Singapore,12,8,1988,27565,25371462488,67.8236944,78.76883458,2.96589E+11,3589.42,6.915578634,358,67,22.64265819
Singapore,12,9,1989,29377,30465364739,69.41446949,84.07643312,2.96042E+11,3589.42,8.319667053,324,70,23.83064521
Singapore,12,10,1990,32570,36144336769,71.81673309,87.73298644,3.20979E+11,3589.42,9.65692585,349,71,25.01863223
Singapore,12,11,1991,28363,45466164978,74.27696016,88.54026085,2.70105E+11,3589.42,13.16455867,339,70,22.199361
Singapore,12,12,1992,35039,52130263966,75.95790065,89.17548475,2.88208E+11,3589.42,15.91075119,237,73,22.543517
Singapore,12,13,1993,40223,60603478153,77.6968046,83.87193624,2.79296E+11,3589.42,18.87205388,42,73,24.576428
Singapore,12,14,1994,44157,73690847191,80.10550858,83.49666031,3.27276E+11,3589.42,20.54002574,107,74,28.908431
Singapore,12,15,1995,48632,87810991957,81.48375097,81.92615815,3.60282E+11,3589.42,22.87826205,179,74,31.541025
Singapore,12,16,1996,47136,96295886525,82.61081835,82.45198752,3.92897E+11,3589.42,25.12918243,213,75,34.200882
Singapore,12,17,1997,52004,1.00124E+11,84.26599729,83.03534673,4.15868E+11,3589.42,24.45658888,193,76,35.117352
Singapore,12,18,1998,54328,85728310229,84.04058382,112.0642008,4.21351E+11,3589.42,24.65303771,61,77,36.154059
Singapore,12,19,1999,53310,86284660767,84.05462686,119.2964223,4.5882E+11,3589.42,25.40208206,112,78,37.582947
Singapore,12,20,2000,46612,96074477958,85.19913477,103.1790881,4.68395E+11,3589.42,26.0687708,180,79,37.007856
Singapore,12,21,2001,42824,89794943350,86.0487388,112.4457378,4.85441E+11,3589.42,26.33578256,234,80,41.825993
Singapore,12,22,2002,44306,92537752709,85.71170579,108.8173612,5.14938E+11,3589.42,27.14768005,184,80,42.29439
Singapore,12,23,2003,48368,97645448284,86.14704009,114.5255144,6.07699E+11,3589.42,26.73845127,196,81,48.361166
Singapore,12,24,2004,60710,1.15035E+11,87.57943036,106.452094,7.09149E+11,3589.42,26.81085494,108,80,45.8667
Singapore,12,25,2005,68666,1.27808E+11,87.95173601,103.3256865,8.20382E+11,3589.42,26.49605938,146,78,43.182449
Singapore,12,26,2006,82574,1.4863E+11,88.79862484,111.0988454,9.4026E+11,3589.42,28.51410275,167,82,39.567444
Singapore,12,27,2007,92908,1.80942E+11,90.66772937,109.1166552,1.21674E+12,3589.42,27.43579564,149,84,38.731547
Singapore,12,28,2008,97851,1.93612E+11,96.67698861,121.7085685,1.1989E+12,3589.42,30.74873677,534,84,41.749409
Singapore,12,29,2009,95328,1.94152E+11,97.25387979,131.4503292,1.34189E+12,3589.42,33.27932418,672,84,45.304353
Singapore,12,30,2010,107487,2.39809E+11,100,123.2786032,1.67562E+12,3589.42,33.53541082,663,85,46.338906
Singapore,12,31,2011,119022,2.79351E+11,105.2477934,126.18065,1.82305E+12,3589.42,37.10555077,645,84,51.097155
Singapore,12,32,2012,131452,2.95087E+11,110.0635143,128.9127791,1.82764E+12,3589.42,42.76086331,611,84,56.005836
Singapore,12,33,2013,143025,3.07576E+11,112.6594769,128.8508362,1.85672E+12,3589.42,46.82957358,694,84,58.472685
Singapore,12,34,2014,150731,3.14851E+11,113.8144033,128.445569,2.03913E+12,3589.42,48.16661889,860,82,59.265884
Singapore,12,35,2015,152238,3.08004E+11,113.2195886,122.8592629,2.10359E+12,3589.42,46.6618984,884,82,57.328701
Singapore,12,36,2016,163688,3.18652E+11,112.6169561,127.6839531,2.2948E+12,3589.42,48.63775446,1025,83,56.867254
Singapore,12,37,2017,175852,3.41863E+11,113.2659229,122.8748953,2.65275E+12,3589.42,47.15793301,1000,83,55.559121
Singapore,12,38,2018,183581,3.73217E+11,113.76273,119.7270455,2.71317E+12,3589.42,50.7023684,748,83,52.890055
Netherlands,13,1,1981,10780,1.64134E+11,54.05713922,11.91188,1.93491E+11,6911.44,7.64703163,16,1981,71.64555186
Netherlands,13,2,1982,10724,1.5848E+11,57.25250712,13.21933,2.00715E+11,6911.44,7.803274576,13,1982,73.14297953
Netherlands,13,3,1983,11358,1.53445E+11,58.82170835,14.5215,2.18262E+11,6911.44,7.797501181,47,1983,74.64040721
Netherlands,13,4,1984,12101,1.43913E+11,60.76378848,15.76015,2.12158E+11,6911.44,7.803773672,159,1984,76.13783488
Netherlands,13,5,1985,13158,1.43846E+11,62.13618969,17.0976,2.32512E+11,6911.44,8.206520763,39,1985,77.63526256
Netherlands,13,6,1986,15297,2.00862E+11,62.18797893,18.33149,2.48986E+11,6911.44,11.34299427,96,1986,79.13269023
Netherlands,13,7,1987,18819,2.45046E+11,61.75813369,19.76879,2.79034E+11,6911.44,14.10050213,166,1987,80.63011791
Netherlands,13,8,1988,21327,2.61911E+11,62.21387355,21.37466,2.96589E+11,6911.44,15.51627761,358,1988,82.12754558
Netherlands,13,9,1989,22716,2.58337E+11,62.8871273,23.34109,2.96042E+11,6911.44,16.86031232,324,1989,83.62497326
Netherlands,13,10,1990,24353,3.18331E+11,64.43043391,25.92023,3.20979E+11,6911.44,21.18279717,349,1990,85.12240093
Netherlands,13,11,1991,19845,3.275E+11,66.46527428,28.40112,2.70105E+11,6911.44,26.80570214,339,1991,86.61982861
Netherlands,13,12,1992,30145,3.62963E+11,68.58125324,30.63949,2.88208E+11,6911.44,32.4805419,237,1992,88.11725628
Netherlands,13,13,1993,30856,3.5355E+11,70.35351706,32.77438,2.79296E+11,6911.44,36.18057656,42,1993,89.61468396
Netherlands,13,14,1994,35094,3.7913E+11,72.3244898,34.3281,3.27276E+11,6911.44,37.98836091,107,1994,91.11211163
Netherlands,13,15,1995,40147,4.52302E+11,73.71545216,35.40318,3.60282E+11,6911.44,44.50456163,179,1995,76.972936
Netherlands,13,16,1996,40246,4.5049E+11,75.27364044,37.31175,3.92897E+11,6911.44,46.31626368,213,1996,81.999855
Netherlands,13,17,1997,44843,4.16813E+11,76.86134641,38.84209,4.15868E+11,6911.44,41.01121554,193,1997,85.56413
Netherlands,13,18,1998,54227,4.38008E+11,78.36716497,40.85061,4.21351E+11,6911.44,45.83463361,61,1998,90.830723
Netherlands,13,19,1999,48820,4.46899E+11,80.05768513,42.76321,4.5882E+11,6911.44,45.88746147,112,1999,96.326935
Netherlands,13,20,2000,46370,4.16443E+11,81.94746467,45.20986,4.68395E+11,6911.44,41.50863035,180,2000,99.234083
Netherlands,13,21,2001,42368,4.31213E+11,85.35307123,48.87485,4.85441E+11,6911.44,42.26154583,234,2001,99.613183
Netherlands,13,22,2002,31669,4.71614E+11,88.15907995,52.42364,5.14938E+11,6911.44,45.96464059,184,2002,103.67145
Netherlands,13,23,2003,40565,5.78792E+11,90.00336648,56.44278,6.07699E+11,6911.44,52.69316599,196,2003,110.84983
Netherlands,13,24,2004,51211,6.57172E+11,91.14069168,59.63414,7.09149E+11,6911.44,56.36925787,108,2004,113.91951
Netherlands,13,25,2005,52755,6.85093E+11,92.6792652,64.15334,8.20382E+11,6911.44,54.86434991,146,2005,118.62537
Netherlands,13,26,2006,58611,7.33341E+11,93.70012829,69.68994,9.4026E+11,6911.44,56.88742636,167,2006,117.53001
Netherlands,13,27,2007,57176,8.47482E+11,95.21231587,77.42722,1.21674E+12,6911.44,56.66725689,149,2007,118.05191
Netherlands,13,28,2008,59051,9.47998E+11,97.57977199,85.48515,1.1989E+12,6911.44,63.98548631,534,2008,120.24867
Netherlands,13,29,2009,60926,8.68077E+11,98.74075355,88.74383,1.34189E+12,6911.44,67.51481507,672,2009,129.72383
Netherlands,13,30,2010,62801,8.46555E+11,100,87.74624,1.67562E+12,6911.44,60.61947123,663,2010,130.5851
Netherlands,13,31,2011,64676,9.04086E+11,102.3410702,88.61709,1.82305E+12,6911.44,64.96320123,645,2011,128.55023
Netherlands,13,32,2012,66552,8.38971E+11,104.8541039,91.03355,1.82764E+12,6911.44,68.65555204,611,2012,128.52645
Netherlands,13,33,2013,68427,8.76924E+11,107.4826899,92.73474,1.85672E+12,6911.44,77.82485556,694,2013,126.15983
Netherlands,13,34,2014,70302,8.90981E+11,108.5317587,94.3144,2.03913E+12,6911.44,81.07775783,860,2014,120.8784
Netherlands,13,35,2015,72177,7.65265E+11,109.1832185,100,2.10359E+12,6911.44,71.17740934,884,2015,118.80297
Netherlands,13,36,2016,74052,7.83528E+11,109.5289654,104.8844,2.2948E+12,6911.44,74.37870091,1025,2016,116.86005
Netherlands,13,37,2017,75927,8.3387E+11,111.0420628,109.8652,2.65275E+12,6911.44,73.56661028,1000,2017,113.98775
Netherlands,13,38,2018,77803,9.14043E+11,112.9336621,113.9996,2.71317E+12,6911.44,80.76484959,748,2018,110.20082
Italy,14,1,1981,28503,4.30703E+11,26.23384312,119.8679,1.93491E+11,6415.62,14.74820035,16,64,10.06305852
Italy,14,2,1982,29791,4.27273E+11,30.55728924,13.21933,2.00715E+11,6415.62,13.53608351,13,65,11.42373361
Italy,14,3,1983,27947,4.43042E+11,35.03288603,14.5215,2.18262E+11,6415.62,12.8743557,47,65,12.7844087
Italy,14,4,1984,23570,4.37888E+11,38.81450952,15.76015,2.12158E+11,6415.62,12.52220813,159,66,14.14508379
Italy,14,5,1985,23187,4.52217E+11,42.38776994,17.0976,2.32512E+11,6415.62,12.54255175,39,67,15.50575888
Italy,14,6,1986,38548,6.40386E+11,44.85624161,18.33149,2.48986E+11,6415.62,16.37900085,96,66,16.86643397
Italy,14,7,1987,41151,8.05713E+11,46.9856952,19.76879,2.79034E+11,6415.62,19.36389516,166,66,18.22710906
Italy,14,8,1988,47612,8.91609E+11,49.36234794,21.37466,2.96589E+11,6415.62,20.70272098,358,65,19.58778414
Italy,14,9,1989,50751,9.28661E+11,52.45234769,23.34109,2.96042E+11,6415.62,22.89709317,324,67,20.94845923
Italy,14,10,1990,49194,1.18122E+12,55.83899072,25.92023,3.20979E+11,6415.62,28.28766781,349,68,22.30913432
Italy,14,11,1991,41129,1.24622E+12,59.32892725,28.40112,2.70105E+11,6415.62,35.49493642,339,69,23.66980941
Italy,14,12,1992,51138,1.32016E+12,62.45591175,30.63949,2.88208E+11,6415.62,40.72068296,237,70,25.0304845
Italy,14,13,1993,40315,1.06496E+12,65.34558108,32.77438,2.79296E+11,6415.62,37.51955679,42,72,26.39115959
Italy,14,14,1994,43510,1.09922E+12,67.9932809,34.3281,3.27276E+11,6415.62,37.67448627,107,72,27.75183468
Italy,14,15,1995,53015,1.17466E+12,71.55301648,35.40318,3.60282E+11,6415.62,38.54521311,179,72,26.838109
Italy,14,16,1996,49910,1.31243E+12,74.42012917,37.31175,3.92897E+11,6415.62,44.46568289,213,73,27.547444
Italy,14,17,1997,53854,1.24188E+12,75.94061263,38.84209,4.15868E+11,6415.62,41.28498244,193,75,28.648392
Italy,14,18,1998,54058,1.27005E+12,77.42531659,40.85061,4.21351E+11,6415.62,46.01366832,61,76,29.19737
Italy,14,19,1999,50677,1.25202E+12,78.71325573,42.76321,4.5882E+11,6415.62,45.88746147,112,77,32.28297
Italy,14,20,2000,50419,1.14383E+12,80.71075046,45.20986,4.68395E+11,6415.62,41.50863035,180,79,34.30395
Italy,14,21,2001,41351,1.16701E+12,82.95867838,48.87485,4.85441E+11,6415.62,42.26154583,234,80,35.627671
Italy,14,22,2002,37136,1.27071E+12,85.00387792,52.42364,5.14938E+11,6415.62,45.96464059,184,78,37.591603
Italy,14,23,2003,46908,1.57415E+12,87.27565376,56.44278,6.07699E+11,6415.62,52.69316599,196,78,39.727237
Italy,14,24,2004,65561,1.80323E+12,89.20159756,59.63414,7.09149E+11,6415.62,56.36925787,108,78,42.005963
Italy,14,25,2005,67642,1.85752E+12,90.97251062,64.15334,8.20382E+11,6415.62,54.86434991,146,79,45.173018
Italy,14,26,2006,79978,1.94792E+12,92.87460382,69.68994,9.4026E+11,6415.62,56.88742636,167,79,48.195032
Italy,14,27,2007,93540,2.21029E+12,94.57396864,77.42722,1.21674E+12,6415.62,56.66725689,149,81,50.644274
Italy,14,28,2008,85766,2.39886E+12,97.74014678,85.48515,1.1989E+12,6415.62,63.98548631,534,81,51.653233
Italy,14,29,2009,77995,2.19124E+12,98.49740629,88.74383,1.34189E+12,6415.62,67.51481507,672,80,55.330777
Italy,14,30,2010,75798.82512,2.13402E+12,100,87.74624,1.67562E+12,6415.62,60.61947123,663,81,56.390048
Italy,14,31,2011,77532.18128,2.29199E+12,102.7806327,88.61709,1.82305E+12,6415.62,64.96320123,645,81,56.168469
Italy,14,32,2012,79265.53744,2.08708E+12,105.9065652,91.03355,1.82764E+12,6415.62,68.65555204,611,81,56.482157
Italy,14,33,2013,80998.8936,2.14132E+12,107.1986183,92.73474,1.85672E+12,6415.62,77.82485556,694,81,56.313715
Italy,14,34,2014,82732.24975,2.15913E+12,107.4570178,94.3144,2.03913E+12,6415.62,81.07775783,860,82,55.638885
Italy,14,35,2015,84465.60591,1.8359E+12,107.4987009,100,2.10359E+12,6415.62,71.17740934,884,82,54.768615
Italy,14,36,2016,86198.96207,1.8758E+12,107.3976342,104.8844,2.2948E+12,6415.62,74.37870091,1025,83,54.074185
Italy,14,37,2017,87932.31823,1.9618E+12,108.7149018,109.8652,2.65275E+12,6415.62,73.56661028,1000,83,53.625922
Italy,14,38,2018,89665.67438,2.09154E+12,109.9515203,113.9996,2.71317E+12,6415.62,80.76484959,748,83,53.634252
Nepal,15,1,1981,11851,2275583317,10.00167236,119.8679,1.93491E+11,840.85,0.701871665,16,21,2.0881378
Nepal,15,2,1982,12115,2395429852,11.17172266,25.45178845,2.00715E+11,840.85,0.713927131,13,21,2.0881378
Nepal,15,3,1983,12001,2447174803,12.55447338,28.06635071,2.18262E+11,840.85,0.694309018,47,18,2.0881378
Nepal,15,4,1984,13401,2581207388,12.91174669,27.23026211,2.12158E+11,840.85,0.69033937,159,19,2.0881378
Nepal,15,5,1985,15883,2619913956,13.95148333,27.71991585,2.32512E+11,840.85,0.677872824,39,23,2.0881378
Nepal,15,6,1986,13957,2850784523,16.60211861,27.6570239,2.48986E+11,840.85,0.594014712,96,24,2.0881378
Nepal,15,7,1987,16965,2957255380,18.38690083,29.54262182,2.79034E+11,840.85,0.594041936,166,25,2.55470892
Nepal,15,8,1988,19715,3487009748,20.03859675,29.9747744,2.96589E+11,840.85,0.597575419,358,25,3.02128004
Nepal,15,9,1989,19116,3525228153,21.81138874,31.23379897,2.96042E+11,840.85,0.596770733,324,25,3.48785116
Nepal,15,10,1990,20614,3627562403,23.60858182,32.01448519,3.20979E+11,840.85,0.595982181,349,25,3.95442228
Nepal,15,11,1991,21834,3921476085,27.28147583,32.82000953,2.70105E+11,840.85,0.610453183,339,26,4.4209934
Nepal,15,12,1992,25244,3401211581,31.96011897,32.0610892,2.88208E+11,840.85,0.606732214,237,28,4.88756452
Nepal,15,13,1993,28048,3660041667,34.35885188,34.84227183,2.79296E+11,840.85,0.627341497,42,29,5.35413564
Nepal,15,14,1994,34732,4066775510,37.22757094,36.24207114,3.27276E+11,840.85,0.635127908,107,30,5.82070676
Nepal,15,15,1995,34562,4401104418,40.06541732,38.03490362,3.60282E+11,840.85,0.624915559,179,32,6.28727788
Nepal,15,16,1996,43426,4521580381,43.75963575,37.5773463,3.92897E+11,840.85,0.625012401,213,31,6.753849
Nepal,15,17,1997,43155,4918691917,45.51439216,43.19522673,4.15868E+11,840.85,0.625988072,193,32,7.22042012
Nepal,15,18,1998,38199,4856255044,50.63224333,44.77937144,4.21351E+11,840.85,0.625371315,61,32,7.68699124
Nepal,15,19,1999,25859,5033642384,54.40490879,47.92581083,4.5882E+11,840.85,0.63094703,112,33,8.15356236
Nepal,15,20,2000,38801,5494252208,55.75350866,51.33647424,4.68395E+11,840.85,0.632145245,180,33,8.62013348
Nepal,15,21,2001,41135,6007055042,57.25233232,51.52594886,4.85441E+11,840.85,0.629578204,234,33,9.0867046
Nepal,15,22,2002,37136,6050875807,58.98673418,50.83245038,5.14938E+11,840.85,0.624196578,184,33,8.9143496
Nepal,15,23,2003,42771,6330473097,62.3531126,52.29433504,6.07699E+11,840.85,0.611799299,196,34,11.089082
Nepal,15,24,2004,51534,7273938315,64.12507041,54.23225475,7.09149E+11,840.85,0.615097792,108,36,10.264726
Nepal,15,25,2005,77024,8130258041,68.50887354,54.19872632,8.20382E+11,840.85,0.617927978,146,37,10.744372
Nepal,15,26,2006,91552,9043715356,73.24991764,57.13533566,9.4026E+11,840.85,0.622728762,167,39,15.983428
Nepal,15,27,2007,83037,10325618017,74.91211887,60.86018588,1.21674E+12,840.85,0.622577975,149,42,18.767264
Nepal,15,28,2008,78133,12545438605,82.3342843,75.40009579,1.1989E+12,840.85,0.623625664,534,42,27.066406
Nepal,15,29,2009,88785,12854985464,91.46912802,80.66311212,1.34189E+12,840.85,0.623992857,672,43,29.132571
Nepal,15,30,2010,104374,16002656434,100,73.24216062,1.67562E+12,840.85,0.624137862,663,44,25.655437
Nepal,15,31,2011,119131,18913574371,109.2270755,75.84152262,1.82305E+12,840.85,0.630511573,645,44,23.446883
Nepal,15,32,2012,125375,18851513891,119.5597491,77.96140403,1.82764E+12,840.85,0.62700803,611,45,24.261498
Nepal,15,33,2013,113790,19271168018,130.3681454,85.46429246,1.85672E+12,840.85,0.629513101,694,45,26.270739
Nepal,15,34,2014,126416,20002968838,141.2723387,85.64055705,2.03913E+12,840.85,0.625591853,860,47,28.51788
Nepal,15,35,2015,154720,21410840909,152.3889305,98.28176163,2.10359E+12,840.85,0.626452422,884,47,30.24565
Nepal,15,36,2016,161097,21185922408,165.7844406,109.0494774,2.2948E+12,840.85,0.62574898,1025,47,38.715868
Nepal,15,37,2017,164018,25180583770,171.7976016,102.8651328,2.65275E+12,840.85,0.623102038,1000,48,36.195785
Nepal,15,38,2018,174096,29173513476,178.7745829,108.2002276,2.71317E+12,840.85,0.627828724,748,48,37.299021
Israel,16,1,1981,2569,25668421053,0.106799034,76.88579455,1.93491E+11,4414.77,757.4879494,16,59,30.51260732
Israel,16,2,1982,3169,27934609053,0.235347042,80.15727765,2.00715E+11,4414.77,389.6292057,13,58,30.81423522
Israel,16,3,1983,2548,31200693950,0.578839651,95.22395193,2.18262E+11,4414.77,179.6493741,47,58,31.11586313
Israel,16,4,1984,1928,29262189632,2.739159964,118.7509572,2.12158E+11,4414.77,38.75241721,159,58,31.41749103
Israel,16,5,1985,1448,27600861820,11.19749777,84.08663222,2.32512E+11,4414.77,10.49222292,39,59,31.71911893
Israel,16,6,1986,1707,34216514316,16.57730116,64.8987798,2.48986E+11,4414.77,8.475924298,96,58,32.02074684
Israel,16,7,1987,2473,41106183369,19.83914209,64.13189007,2.79034E+11,4414.77,8.128158364,166,58,32.32237474
Israel,16,8,1988,2620,50274157859,23.08310992,63.93229986,2.96589E+11,4414.77,8.703979737,358,58,32.62400265
Israel,16,9,1989,4634,50076054060,27.74798928,64.8335453,2.96042E+11,4414.77,8.466582598,324,58,32.92563055
Israel,16,10,1990,5855,59217144629,32.52010724,62.23327351,3.20979E+11,4414.77,8.681538061,349,58,33.22725845
Israel,16,11,1991,6882,67793699706,38.68632708,56.61388694,2.70105E+11,4414.77,9.978653933,339,59,33.52888636
Israel,16,12,1992,9468,75870773860,43.32439678,59.29342766,2.88208E+11,4414.77,10.53973364,237,59,28.260549
Israel,16,13,1993,9646,76250990071,48.06970509,62.52445789,2.79296E+11,4414.77,10.77469745,42,62,32.979193
Israel,16,14,1994,12098,86643876656,54.02144772,64.43608379,3.27276E+11,4414.77,10.41951752,107,62,34.385095
Israel,16,15,1995,14806,1.00385E+11,59.41912422,67.66540924,3.60282E+11,4414.77,10.76849414,179,63,34.542772
Israel,16,16,1996,18387,1.09996E+11,66.16621984,72.81951126,3.92897E+11,4414.77,11.10183552,213,63,36.02232
Israel,16,17,1997,20162,1.14693E+11,72.07327971,74.28356589,4.15868E+11,4414.77,10.52757355,193,65,37.518673
Israel,16,18,1998,21103,1.15933E+11,76.02323503,79.81640176,4.21351E+11,4414.77,10.85751334,61,67,38.252799
Israel,16,19,1999,23417,1.17112E+11,79.9463807,83.80161132,4.5882E+11,4414.77,10.40057371,112,70,38.393216
Israel,16,20,2000,25631,1.32343E+11,80.78641644,81.33058342,4.68395E+11,4414.77,11.02230338,180,72,36.634408
Israel,16,21,2001,28774,1.30756E+11,81.71581769,86.67575311,4.85441E+11,4414.77,11.21976726,234,72,37.602787
Israel,16,22,2002,25503,1.21124E+11,86.4075067,92.23395728,5.14938E+11,4414.77,10.26004953,184,71,38.688637
Israel,16,23,2003,32157,1.26966E+11,87.03306524,91.47809672,6.07699E+11,4414.77,10.22879234,196,73,38.274624
Israel,16,24,2004,29140.50198,1.35477E+11,86.67560322,93.40897978,7.09149E+11,4414.77,10.1108066,108,74,37.530673
Israel,16,25,2005,30565.3083,1.42529E+11,87.81054513,97.57077088,8.20382E+11,4414.77,9.826854513,146,75,37.835332
Israel,16,26,2006,31990.11462,1.54034E+11,89.66934763,97.24413804,9.4026E+11,4414.77,10.16807837,167,76,35.878842
Israel,16,27,2007,33414.92095,1.78959E+11,90.0893655,72.23753794,1.21674E+12,4414.77,10.06516515,149,77,36.67495
Israel,16,28,2008,34839.72727,2.16105E+11,94.22698838,77.06650201,1.1989E+12,4414.77,12.12511883,534,79,37.691985
Israel,16,29,2009,36264.5336,2.07468E+11,97.36371761,77.48645131,1.34189E+12,4414.77,12.30954656,672,79,38.715561
Israel,16,30,2010,37689.33992,2.33996E+11,100,74.51774287,1.67562E+12,4414.77,12.22950464,663,80,39.445699
Israel,16,31,2011,39114.14625,2.61469E+11,103.4673816,77.73893351,1.82305E+12,4414.77,13.04325883,645,77,39.517342
Israel,16,32,2012,40538.95257,2.5718E+11,105.2100089,77.96221975,1.82764E+12,4414.77,13.85848463,611,77,39.522811
Israel,16,33,2013,41963.75889,2.92636E+11,106.8632708,79.40725408,1.85672E+12,4414.77,16.22868107,694,76,39.746585
Israel,16,34,2014,43388.56522,3.09558E+11,107.3815907,84.7136505,2.03913E+12,4414.77,17.05723694,860,76,40.102873
Israel,16,35,2015,44813.37154,2.99813E+11,106.7024129,83.91027832,2.10359E+12,4414.77,16.50493833,884,77,40.632064
Israel,16,36,2016,46238.17787,3.18951E+11,106.1215371,84.42170701,2.2948E+12,4414.77,17.49619747,1025,77,41.10919
Israel,16,37,2017,47662.98419,3.53253E+11,106.3806971,85.56173157,2.65275E+12,4414.77,18.09155819,1000,77,41.67394
Israel,16,38,2018,49087.79051,3.70588E+11,107.2475424,85.20372864,2.71317E+12,4414.77,19.04702965,748,77,41.863845
South Korea,17,1,1981,2665,72933350954,29.45585682,31.55074109,1.93491E+11,4966.59,3.369075026,16,47,20.156002
South Korea,17,2,1982,4110,78358866335,31.5739826,34.74494908,2.00715E+11,4966.59,4.456397247,13,47,22.923071
South Korea,17,3,1983,3139,87760360941,32.65400713,33.69285592,2.18262E+11,4966.59,4.585326175,47,46,24.73185
South Korea,17,4,1984,3078,97510235986,33.39654041,31.43551513,2.12158E+11,4966.59,4.741337704,159,46,25.813481
South Korea,17,5,1985,3939,1.01296E+11,34.21780041,32.41283018,2.32512E+11,4966.59,4.905300972,39,46,27.54498
South Korea,17,6,1986,1767,1.16837E+11,35.1587842,32.85216991,2.48986E+11,4966.59,5.577310271,96,45,28.442867
South Korea,17,7,1987,2990,1.47948E+11,36.23100726,33.09800999,2.79034E+11,4966.59,5.958522255,166,46,30.010937
South Korea,17,8,1988,3572,1.99591E+11,38.82010955,33.52113467,2.96589E+11,4966.59,6.32594697,358,48,32.362981
South Korea,17,9,1989,3895,2.46927E+11,41.03291827,35.36576201,2.96042E+11,4966.59,7.375227273,324,50,37.677307
South Korea,17,10,1990,3986,2.83368E+11,44.55091684,34.25847717,3.20979E+11,4966.59,8.066129032,349,49,40.21155
South Korea,17,11,1991,3967,3.30649E+11,48.70901461,34.53704227,2.70105E+11,4966.59,10.57787597,339,50,42.506318
South Korea,17,12,1992,5171,3.55525E+11,51.73514916,34.68272052,2.88208E+11,4966.59,12.34194444,237,51,44.293948
South Korea,17,13,1993,4791,3.92666E+11,54.21900669,35.60461868,2.79296E+11,4966.59,14.451797,42,55,44.634838
South Korea,17,14,1994,7227,4.63617E+11,57.61626923,35.75330462,3.27276E+11,4966.59,14.79893514,107,57,46.502213
South Korea,17,15,1995,9831,5.66583E+11,60.19787391,35.22870609,3.60282E+11,4966.59,15.22397966,179,58,45.92089
South Korea,17,16,1996,16173,6.1017E+11,63.16250463,36.32703943,3.92897E+11,4966.59,16.48054574,213,59,47.834603
South Korea,17,17,1997,15392,5.69755E+11,65.96632849,37.55181256,4.15868E+11,4966.59,16.88990039,193,61,49.933571
South Korea,17,18,1998,16321,3.83331E+11,70.92260311,48.12563976,4.21351E+11,4966.59,19.19040233,61,64,46.121781
South Korea,17,19,1999,19188,4.97513E+11,71.49920146,55.67938619,4.5882E+11,4966.59,20.02578062,112,65,45.096132
South Korea,17,20,2000,23411,5.76178E+11,73.11450053,63.38660144,4.68395E+11,4966.59,20.90307209,180,68,49.311828
South Korea,17,21,2001,27150,5.47658E+11,76.08764295,108.1974883,4.85441E+11,4966.59,21.94716938,234,69,54.558133
South Korea,17,22,2002,29374,6.27246E+11,78.18957272,111.1290506,5.14938E+11,4966.59,0.324068794,184,68,63.96505
South Korea,17,23,2003,35584,7.02717E+11,80.93784178,107.2494584,6.07699E+11,4966.59,0.310555228,196,69,62.790734
South Korea,17,24,2004,47835,7.93175E+11,83.84398896,105.0948176,7.09149E+11,4966.59,0.302109778,108,70,60.318465
South Korea,17,25,2005,49895,9.34901E+11,86.15312805,106.6845257,8.20382E+11,4966.59,0.318996775,146,69,63.537677
South Korea,17,26,2006,70407,1.05322E+12,88.08454945,114.2860381,9.4026E+11,4966.59,0.32059681,167,71,67.590387
South Korea,17,27,2007,84583,1.17261E+12,90.3173579,116.8815623,1.21674E+12,4966.59,0.297311043,149,73,69.200745
South Korea,17,28,2008,79802,1.04734E+12,94.53860692,123.5372649,1.1989E+12,4966.59,0.312986931,534,75,70.993789
South Korea,17,29,2009,70485,9.43942E+11,97.14473991,129.9915368,1.34189E+12,4966.59,0.348239329,672,74,73.051994
South Korea,17,30,2010,95587,1.14407E+12,100,125.5493697,1.67562E+12,4966.59,0.453639735,663,75,73.167768
South Korea,17,31,2011,108680,1.25322E+12,104.0258462,126.1006154,1.82305E+12,4966.59,0.483876921,645,76,76.450829
South Korea,17,32,2012,109469,1.27843E+12,106.3011216,127.4652501,1.82764E+12,4966.59,0.532966191,611,76,77.291477
South Korea,17,33,2013,110822.0809,1.3708E+12,107.6845,127.9831138,1.85672E+12,4966.59,0.592381107,694,77,78.409538
South Korea,17,34,2014,117257.6324,1.48432E+12,109.0571702,132.9064959,2.03913E+12,4966.59,0.618056909,860,78,80.083465
South Korea,17,35,2015,123693.1838,1.46577E+12,109.8273408,135.5456811,2.10359E+12,4966.59,0.596447867,884,78,83.113465
South Korea,17,36,2016,130128.7353,1.50011E+12,110.8945054,138.2977531,2.2948E+12,4966.59,0.623598278,1025,78,87.336909
South Korea,17,37,2017,136564.2868,1.6239E+12,113.0508001,137.841483,2.65275E+12,4966.59,0.604423253,1000,78,89.353859
South Korea,17,38,2018,142999.8382,1.72485E+12,114.7192744,142.2596611,2.71317E+12,4966.59,0.651819709,748,78,91.703898
Spain,18,1,1981,10000,2.02808E+11,24.39740655,11.91188,1.93491E+11,7919.44,15.6047267,16,60,33.33308066
Spain,18,2,1982,9000,1.95997E+11,27.91429169,13.21933,2.00715E+11,7919.44,14.32016672,13,60,34.67516837
Spain,18,3,1983,15000,1.70951E+11,31.31260087,14.5215,2.18262E+11,7919.44,11.71523572,47,61,36.01725608
Spain,18,4,1984,16000,1.72103E+11,34.84474481,15.76015,2.12158E+11,7919.44,11.76015819,159,61,37.35934379
Spain,18,5,1985,17000,1.80793E+11,37.91611909,17.0976,2.32512E+11,7919.44,12.10266654,39,62,38.70143151
Spain,18,6,1986,17500,2.51321E+11,41.25081892,18.33149,2.48986E+11,7919.44,14.98243809,96,61,40.04351922
Spain,18,7,1987,17400,3.18748E+11,43.41567088,19.76879,2.79034E+11,7919.44,17.46551059,166,61,41.38560693
Spain,18,8,1988,18000,3.7616E+11,45.5158018,21.37466,2.96589E+11,7919.44,19.8787087,358,60,42.72769464
Spain,18,9,1989,18200,4.14757E+11,48.60697905,23.34109,2.96042E+11,7919.44,22.80578862,324,65,44.06978235
Spain,18,10,1990,18490,5.36559E+11,51.87425526,25.92023,3.20979E+11,7919.44,28.57083733,349,66,45.41187006
Spain,18,11,1991,18780,5.77166E+11,54.95258308,28.40112,2.70105E+11,7919.44,36.41579111,339,69,46.75395778
Spain,18,12,1992,19070,6.30916E+11,58.20826771,30.63949,2.88208E+11,7919.44,42.12194594,237,70,48.09604549
Spain,18,13,1993,19360,5.25076E+11,60.86784472,32.77438,2.79296E+11,7919.44,39.86830281,42,72,49.4381332
Spain,18,14,1994,19650,5.30563E+11,63.73984119,34.3281,3.27276E+11,7919.44,38.96858174,107,73,50.78022091
Spain,18,15,1995,19940,6.14609E+11,66.71891592,35.40318,3.60282E+11,7919.44,43.27095075,179,74,40.951773
Spain,18,16,1996,20230,6.42589E+11,69.09333594,37.31175,3.92897E+11,7919.44,46.545952,213,74,41.606041
Spain,18,17,1997,20520,5.90077E+11,70.45522011,38.84209,4.15868E+11,7919.44,41.26680313,193,75,43.24869
Spain,18,18,1998,20810,6.19215E+11,71.74760081,40.85061,4.21351E+11,7919.44,45.95177526,61,77,46.575951
Spain,18,19,1999,21100,6.34693E+11,73.40521932,42.76321,4.5882E+11,7919.44,45.88746147,112,77,50.465359
Spain,18,20,2000,21390,5.96878E+11,75.92559982,45.20986,4.68395E+11,7919.44,41.50863035,180,80,53.669594
Spain,18,21,2001,21680,6.27287E+11,78.65120354,48.87485,4.85441E+11,7919.44,42.26154583,234,80,54.981861
Spain,18,22,2002,21970,7.05394E+11,81.0624649,52.42364,5.14938E+11,7919.44,45.96464059,184,79,58.948545
Spain,18,23,2003,40543,9.05492E+11,83.52614264,56.44278,6.07699E+11,7919.44,52.69316599,196,80,64.045342
Spain,18,24,2004,42895,1.06709E+12,86.06467054,59.63414,7.09149E+11,7919.44,56.36925787,108,80,70.301372
Spain,18,25,2005,45247,1.15329E+12,88.96371937,64.15334,8.20382E+11,7919.44,54.86434991,146,81,77.077113
Spain,18,26,2006,47599,1.25934E+12,92.09112764,69.68994,9.4026E+11,7919.44,56.88742636,167,81,84.225107
Spain,18,27,2007,49951,1.47213E+12,94.65773543,77.42722,1.21674E+12,7919.44,56.66725689,149,83,86.728422
Spain,18,28,2008,60000,1.62522E+12,98.51566362,85.48515,1.1989E+12,7919.44,63.98548631,534,83,86.957129
Spain,18,29,2009,62000,1.48558E+12,98.23194162,88.74383,1.34189E+12,7919.44,67.51481507,672,82,89.382067
Spain,18,30,2010,62550,1.42072E+12,100,87.74624,1.67562E+12,7919.44,60.61947123,663,83,89.502465
Spain,18,31,2011,63100,1.47877E+12,103.1961464,88.61709,1.82305E+12,7919.44,64.96320123,645,84,87.438649
Spain,18,32,2012,63650,1.32482E+12,105.7203243,91.03355,1.82764E+12,7919.44,68.65555204,611,84,86.569476
Spain,18,33,2013,64200,1.35476E+12,107.2094441,92.73474,1.85672E+12,7919.44,77.82485556,694,84,82.731186
Spain,18,34,2014,64750,1.3694E+12,107.0476968,94.3144,2.03913E+12,7919.44,81.07775783,860,85,78.202853
Spain,18,35,2015,65300,1.19512E+12,106.5119645,100,2.10359E+12,7919.44,71.17740934,884,85,72.191743
Spain,18,36,2016,65850,1.23208E+12,106.2960949,104.8844,2.2948E+12,7919.44,74.37870091,1025,85,68.894276
Spain,18,37,2017,70000,1.31254E+12,108.3753351,109.8652,2.65275E+12,7919.44,73.56661028,1000,86,65.746318
Spain,18,38,2018,80000,1.42215E+12,110.1906952,113.9996,2.71317E+12,7919.44,80.76484959,748,84,63.614744
China,19,1,1981,1371,1.95866E+11,16.62685752,119.8679,1.93491E+11,2915.32,5.07967801,16,52,9.405521333
China,19,2,1982,2107,2.0509E+11,18.51115023,42.1655009,2.00715E+11,2915.32,4.995996709,13,51,9.460942833
China,19,3,1983,1716,2.30687E+11,20.39544293,45.05620657,2.18262E+11,2915.32,5.111619193,47,51,9.516364333
China,19,4,1984,1386,2.59947E+11,22.27973563,49.44011623,2.12158E+11,2915.32,4.897577271,159,50,9.571785833
China,19,5,1985,2247,3.09488E+11,24.16402833,53.57652319,2.32512E+11,2915.32,4.211845096,39,51,9.627207333
China,19,6,1986,1533,3.00758E+11,26.04832104,61.18451714,2.48986E+11,2915.32,3.652358599,96,52,9.682628833
China,19,7,1987,1705,2.72973E+11,27.93261374,65.36069752,2.79034E+11,2915.32,3.482308374,166,51,9.738050333
China,19,8,1988,2099,3.12354E+11,33.18724618,63.25333031,2.96589E+11,2915.32,3.739040685,358,50,9.793471833
China,19,9,1989,2727,3.47768E+11,39.2424711,66.31706213,2.96042E+11,2915.32,4.309437754,324,50,9.848893333
China,19,10,1990,3089,3.60858E+11,40.44026517,77.79368433,3.20979E+11,2915.32,3.659363921,349,50,9.904314833
China,19,11,1991,3476,3.83373E+11,41.87859828,84.51883133,2.70105E+11,2915.32,4.272169842,339,54,9.959736333
China,19,12,1992,4778,4.26916E+11,44.5395566,89.45658997,2.88208E+11,2915.32,4.699909785,237,55,10.01515783
China,19,13,1993,5157,4.44731E+11,51.04682084,100.0212194,2.79296E+11,2915.32,5.292174969,42,57,10.07057933
China,19,14,1994,5833,5.64325E+11,63.42924019,96.46948941,3.27276E+11,2915.32,3.640176266,107,58,10.12600083
China,19,15,1995,5111,7.34548E+11,74.0797879,99.02772678,3.60282E+11,2915.32,3.882823473,179,61,10.18142233
China,19,16,1996,5613,8.63747E+11,80.23815427,105.9621975,3.92897E+11,2915.32,4.261778629,213,60,10.23684383
China,19,17,1997,7369,9.61604E+11,82.47396516,115.2452596,4.15868E+11,2915.32,4.38046911,193,61,10.29226533
China,19,18,1998,4312,1.02904E+12,81.83629102,123.9033766,4.21351E+11,2915.32,4.983642065,61,62,10.34768683
China,19,19,1999,6487,1.094E+12,80.68937684,133.6530606,4.5882E+11,2915.32,5.20103021,112,64,10.40310833
China,19,20,2000,14420,1.21135E+12,80.97001954,135.580416,4.68395E+11,2915.32,5.428710803,180,66,10.45852983
China,19,21,2001,13901,1.3394E+12,81.55230121,141.085625,4.85441E+11,2915.32,5.700860772,234,70,10.51395133
China,19,22,2002,15422,1.47055E+12,80.95535835,145.3901447,5.14938E+11,2915.32,5.872969526,184,70,10.56937283
China,19,23,2003,21152,1.66029E+12,81.86821256,153.5509354,6.07699E+11,2915.32,5.628014716,196,73,10.62479433
China,19,24,2004,34100,1.95535E+12,84.99937502,149.7935547,7.09149E+11,2915.32,5.475118658,108,74,10.695518
China,19,25,2005,44897,2.28597E+12,86.50931766,151.0858036,8.20382E+11,2915.32,5.381775784,146,73,10.705033
China,19,26,2006,62330,2.75213E+12,87.93623098,157.4945325,9.4026E+11,2915.32,5.68224227,167,75,10.806361
China,19,27,2007,88103,3.55034E+12,92.17191285,149.3719645,1.21674E+12,2915.32,5.435209555,149,77,18.76067
China,19,28,2008,98093,4.59431E+12,97.63333399,148.8409141,1.1989E+12,2915.32,6.260950261,534,77,17.946653
China,19,29,2009,100209,5.1017E+12,96.92239604,175.0913789,1.34189E+12,2915.32,7.085685647,672,77,23.534945
China,19,30,2010,119530,6.08716E+12,100,176.126637,1.67562E+12,2915.32,6.753913608,663,76,27.5605
China,19,31,2011,142218,7.5515E+12,105.5538971,174.5277198,1.82305E+12,2915.32,7.222896541,645,78,28.107824
China,19,32,2012,168952,8.53223E+12,108.318909,180.8735842,1.82764E+12,2915.32,8.465528482,611,77,29.938826
China,19,33,2013,174712,9.57041E+12,111.1580007,186.6093794,1.85672E+12,2915.32,9.457735784,694,77,33.303238
China,19,34,2014,181020,1.04757E+13,113.2940611,190.8709217,2.03913E+12,2915.32,9.934104203,860,78,35.807201
China,19,35,2015,206322,1.10616E+13,114.9221246,202.1138887,2.10359E+12,2915.32,10.30141488,884,77,39.057281
China,19,36,2016,251313,1.12333E+13,117.220567,207.6737579,2.2948E+12,2915.32,10.11295613,1025,77,44.737021
China,19,37,2017,247235,1.23104E+13,119.0880516,201.406398,2.65275E+12,2915.32,9.635142539,1000,77,48.873173
China,19,38,2018,281768,1.38948E+13,121.5588772,195.0358759,2.71317E+12,2915.32,10.33704803,748,76,52.300463
Russia,20,1,1981,56308.1978,7.52536E+11,0.053595784,14.93645008,1.93491E+11,4909.44,22.74243333,16,42,0.57853943
Russia,20,2,1982,54698.86813,7.2604E+11,0.053595784,14.93645008,2.00715E+11,4909.44,22.74243333,13,43,0.57853943
Russia,20,3,1983,53089.53846,6.99544E+11,0.053595784,14.93645008,2.18262E+11,4909.44,22.74243333,47,44,0.57853943
Russia,20,4,1984,51480.20879,6.73049E+11,0.053595784,14.93645008,2.12158E+11,4909.44,22.74243333,159,45,0.57853943
Russia,20,5,1985,49870.87912,6.46553E+11,0.053595784,14.93645008,2.32512E+11,4909.44,22.74243333,39,46,0.57853943
Russia,20,6,1986,48261.54945,6.20058E+11,0.053595784,14.93645008,2.48986E+11,4909.44,22.74243333,96,47,0.57853943
Russia,20,7,1987,46652.21978,5.93562E+11,0.053595784,14.93645008,2.79034E+11,4909.44,22.74243333,166,48,0.57853943
Russia,20,8,1988,45042.89011,5.54713E+11,0.053595784,14.93645008,2.96589E+11,4909.44,25.91808333,358,49,0.57853943
Russia,20,9,1989,43433.56044,5.065E+11,0.053595784,14.93645008,2.96042E+11,4909.44,30.49329167,324,50,0.57853943
Russia,20,10,1990,41824.23077,5.16814E+11,0.053595784,14.93645008,3.20979E+11,4909.44,31.3737425,349,47,0.57853943
Russia,20,11,1991,32432,5.17963E+11,0.053595784,14.93645008,2.70105E+11,4909.44,32.42707667,339,50,0.57853943
Russia,20,12,1992,39409,4.60291E+11,0.053595784,14.93645008,2.88208E+11,4909.44,35.43317333,237,50,0.57853943
Russia,20,13,1993,48644,4.35084E+11,0.522154633,14.93645008,2.79296E+11,4909.44,36.31328583,42,55,0.57853943
Russia,20,14,1994,49684,3.95077E+11,2.128942631,14.93645008,3.27276E+11,4909.44,41.259365,107,56,0.57853943
Russia,20,15,1995,27145,3.95537E+11,6.331779144,14.93645008,3.60282E+11,4909.44,43.05542833,179,58,0.57853943
Russia,20,16,1996,22037,3.91725E+11,9.355331094,14.93645008,3.92897E+11,4909.44,44.941605,213,60,0.57853943
Russia,20,17,1997,18243,4.04929E+11,10.73630232,17.14406333,4.15868E+11,4909.44,47.18641417,193,61,0.57853943
Russia,20,18,1998,29493,2.70955E+11,13.7087206,19.35167657,4.21351E+11,4909.44,48.61031917,61,63,0.57853943
Russia,20,19,1999,34620,1.95907E+11,25.46346791,21.55928981,4.5882E+11,4909.44,46.58328417,112,63,0.57853943
Russia,20,20,2000,34814,2.5971E+11,30.75955365,23.76690305,4.68395E+11,4909.44,45.31646667,180,65,0.57853943
Russia,20,21,2001,15154,3.06602E+11,37.36578521,23.90776877,4.85441E+11,4909.44,44.099975,234,64,1.0018742
Russia,20,22,2002,18643,3.4547E+11,43.26536845,26.40678639,5.14938E+11,4909.44,45.30700833,184,65,1.2171517
Russia,20,23,2003,26948,4.30348E+11,49.17684251,29.99707657,6.07699E+11,4909.44,41.34853333,196,67,2.2052228
Russia,20,24,2004,47077,5.91017E+11,54.53151992,31.11904391,7.09149E+11,4909.44,43.50518333,108,66,3.7021568
Russia,20,25,2005,56446,7.64017E+11,61.44900898,33.38027895,8.20382E+11,4909.44,48.40526667,146,66,5.7230704
Russia,20,26,2006,62203,9.89931E+11,67.39030138,37.622039,9.4026E+11,4909.44,45.72581212,167,67,8.1693109
Russia,20,27,2007,75543,1.29971E+12,73.46034711,42.97674807,1.21674E+12,4909.44,46.67046667,149,69,10.378139
Russia,20,28,2008,91095,1.66085E+12,83.8261661,39.50786051,1.1989E+12,4909.44,53.43723333,534,69,11.282761
Russia,20,29,2009,94945,1.22264E+12,93.58967594,49.29881786,1.34189E+12,4909.44,58.59784542,672,70,10.702119
Russia,20,30,2010,122048,1.52492E+12,100,51.43910689,1.67562E+12,4909.44,61.02951446,663,70,10.263326
Russia,20,31,2011,144312,2.04593E+12,108.4404649,47.38646572,1.82305E+12,4909.44,64.15194446,645,70,11.520054
Russia,20,32,2012,177526,2.2083E+12,113.9435398,47.2894158,1.82764E+12,4909.44,67.19531281,611,71,13.76836
Russia,20,33,2013,214810.9,2.29247E+12,121.6389563,51.20002959,1.85672E+12,4909.44,65.12156865,694,71,16.317487
Russia,20,34,2014,269832,2.05924E+12,131.1552728,54.29533089,2.03913E+12,4909.44,68.38946709,860,71,17.305108
Russia,20,35,2015,172419,1.36348E+12,151.5294641,61.82658261,2.10359E+12,4909.44,68.38946709,884,72,15.964975
Russia,20,36,2016,227749,1.27679E+12,162.2008473,59.44582853,2.2948E+12,4909.44,68.38946709,1025,72,15.593725
Russia,20,37,2017,278904,1.5742E+12,168.1752389,59.52220741,2.65275E+12,4909.44,68.38946709,1000,72,16.305853
Russia,20,38,2018,262309,1.66958E+12,173.0158221,58.68473166,2.71317E+12,4909.44,68.38946709,748,72,17.034134
Afghanistan,21,1,1981,140.55,3478787909,18.95036667,31.60955257,1.93491E+11,1757.46,174.9907018,16,22,0.574724
Afghanistan,21,2,1982,144.5,132156244.9,19.38811667,4.439203805,2.00715E+11,1757.46,186.8617629,13,22,0.575823
Afghanistan,21,3,1983,415.5,152155360.5,19.82586667,5.383923906,2.18262E+11,1757.46,199.5845159,47,23,0.576922
Afghanistan,21,4,1984,686.5,172154476.1,20.26361667,6.328644006,2.12158E+11,1757.46,224.5587297,159,23,0.578021
Afghanistan,21,5,1985,957.5,192153591.7,20.70136667,7.273364107,2.32512E+11,1757.46,244.4436062,39,22,0.57912
Afghanistan,21,6,1986,1228.5,212152707.3,21.13911667,8.218084207,2.48986E+11,1757.46,249.2278992,96,23,0.580219
Afghanistan,21,7,1987,1499.5,232151822.9,21.57686667,9.162804308,2.79034E+11,1757.46,256.1581245,166,23,0.581318
Afghanistan,21,8,1988,1770.5,252150938.6,22.01461667,10.10752441,2.96589E+11,1757.46,275.0433179,358,24,0.582417
Afghanistan,21,9,1989,2041.5,272150054.2,22.45236667,11.05224451,2.96042E+11,1757.46,320.6645565,324,24,0.583516
Afghanistan,21,10,1990,2312.5,292149169.8,22.89011667,11.99696461,3.20979E+11,1757.46,345.9216705,349,24,0.584615
Afghanistan,21,11,1991,2583.5,312148285.4,23.32786667,12.94168471,2.70105E+11,1757.46,449.45871,339,24,0.585714
Afghanistan,21,12,1992,2854.5,332147401,23.76561667,13.88640481,2.88208E+11,1757.46,512.2190809,237,23,0.586813
Afghanistan,21,13,1993,3125.5,352146516.7,24.20336667,14.83112491,2.79296E+11,1757.46,602.6389232,42,23,0.587912
Afghanistan,21,14,1994,3396.5,372145632.3,24.68,15.77584501,3.27276E+11,1757.46,73.80321655,107,25,0.589011
Afghanistan,21,15,1995,3667.5,832524874,25.0011,16.72056511,3.60282E+11,1757.46,38.912492,179,25,0.59011
Afghanistan,21,16,1996,3938.5,1292904116,25.5555,17.66528521,3.92897E+11,1757.46,14.17314177,213,25,0.591209
Afghanistan,21,17,1997,4022,1753283358,26.49997933,18.61000531,4.15868E+11,1757.46,12.10430757,193,25,0.592308
Afghanistan,21,18,1998,4855,2213662599,31.27216636,19.55472541,4.21351E+11,1757.46,13.75288098,61,26,0.593407
Afghanistan,21,19,1999,4565,2674041841,37.34664505,20.49944551,4.5882E+11,1757.46,0.923549151,112,26,0.594506
Afghanistan,21,20,2000,5022,3134421083,43.42112375,21.44416561,4.68395E+11,1757.46,0.948984513,180,25,0.595605
Afghanistan,21,21,2001,1262,3594800325,49.49560244,22.38888572,4.85441E+11,1757.46,0.993397889,234,25,0.596704
Afghanistan,21,22,2002,6012,4055179566,55.57008113,23.33360582,5.14938E+11,1757.46,1.028506848,184,25,0.597803
Afghanistan,21,23,2003,10079,4515558808,61.64455982,24.27832592,6.07699E+11,1757.46,0.955304628,196,26,0.598902
Afghanistan,21,24,2004,12705,5226778809,63.52339481,25.22304602,7.09149E+11,1757.46,0.94714538,108,29,0.600001
Afghanistan,21,25,2005,14025,6209137625,71.58214338,26.16776612,8.20382E+11,1757.46,0.891005832,146,31,0.6011
Afghanistan,21,26,2006,18799,6971285595,76.43870301,23.34386453,9.4026E+11,1757.46,0.907495405,167,31,3.5884179
Afghanistan,21,27,2007,23045,9747879532,83.07401873,23.83366442,1.21674E+12,1757.46,0.827599348,149,32,0.62434683
Afghanistan,21,28,2008,32438,10109225814,105.0210647,29.5122808,1.1989E+12,1757.46,0.865781431,534,34,6.6568196
Afghanistan,21,29,2009,50446,12439087077,97.86791084,33.06095696,1.34189E+12,1757.46,0.961853287,672,34,0.59210123
Afghanistan,21,30,2010,73389,15856574731,100,35.35056172,1.67562E+12,1757.46,0.98435715,663,36,1.4313798
Afghanistan,21,31,2011,89605,17804292964,111.8041858,36.6242278,1.82305E+12,1757.46,0.998362653,645,38,1.2226443
Afghanistan,21,32,2012,95231,20001598506,119.0057313,32.91369227,1.82764E+12,1757.46,1.049406209,611,38,1.1038667
Afghanistan,21,33,2013,111370,20561069558,127.7952231,32.6820169,1.85672E+12,1757.46,1.058152597,694,38,0.87243718
Afghanistan,21,34,2014,115569,20484885120,133.7683667,34.20959679,2.03913E+12,1757.46,1.066064273,860,37,0.69709956
Afghanistan,21,35,2015,11406,19907111419,132.8832092,33.92805265,2.10359E+12,1757.46,1.049203674,884,39,0.57747285
Afghanistan,21,36,2016,123330,18017749074,138.7086655,37.22281866,2.2948E+12,1757.46,0.990116227,1025,37,0.64899214
Afghanistan,21,37,2017,149176,18869945678,145.6107414,36.8612613,2.65275E+12,1757.46,0.957291377,1000,38,0.65299773
Afghanistan,21,38,2018,800.7964911,18353881130,146.5224819,36.60749388,2.71317E+12,1757.46,0.948756747,748,39,0.6694918
Pakistan,22,1,1981,815.3982456,28100606061,10.28137229,39.01479532,1.93491E+11,1154.28,0.874598264,16,34,9.594803864
Pakistan,22,2,1982,830,30725971564,10.88833606,40.79248147,2.00715E+11,1154.28,0.798072044,13,33,9.419306315
Pakistan,22,3,1983,844.6017544,28691889764,11.58105565,43.87686718,2.18262E+11,1154.28,0.769910612,47,34,9.243808765
Pakistan,22,4,1984,1947.442317,31151825467,12.28601381,39.85505071,2.12158E+11,1154.28,0.808935903,159,34,9.068311215
Pakistan,22,5,1985,3050.282879,31144920844,12.97585373,40.66128428,2.32512E+11,1154.28,0.776522216,39,35,8.892813665
Pakistan,22,6,1986,4153.123441,31899070056,13.43084092,43.30970668,2.48986E+11,1154.28,0.75752077,96,35,8.717316115
Pakistan,22,7,1987,5255.964003,33351529275,14.05956793,45.31105944,2.79034E+11,1154.28,0.74496517,166,34,8.541818565
Pakistan,22,8,1988,6358.804566,38472742808,15.30214369,41.36542052,2.96589E+11,1154.28,0.773029932,358,34,8.366321015
Pakistan,22,9,1989,7461.645128,40171018229,16.50248435,38.98096123,2.96042E+11,1154.28,0.789889082,324,38,8.190823465
Pakistan,22,10,1990,8564.48569,40010423970,17.99631095,39.13710376,3.20979E+11,1154.28,0.80633886,349,38,8.015325915
Pakistan,22,11,1991,9667.326252,45625234698,20.11830462,39.04106408,2.70105E+11,1154.28,0.955533645,339,39,7.839828365
Pakistan,22,12,1992,10770.16681,48884606848,22.03136255,42.53000491,2.88208E+11,1154.28,1.033301384,237,40,7.664330816
Pakistan,22,13,1993,11873.00738,51809949334,24.22869679,45.36470216,2.79296E+11,1154.28,1.084893186,42,41,7.488833266
Pakistan,22,14,1994,12975.84794,52293456906,27.22534911,45.41029574,3.27276E+11,1154.28,1.026406308,107,42,7.313335716
Pakistan,22,15,1995,14078.6885,60636022423,30.58593146,43.57084594,3.60282E+11,1154.28,1.02478909,179,43,7.137838166
Pakistan,22,16,1996,6666.562452,63320122807,33.75885744,46.04129003,3.92897E+11,1154.28,0.982108272,213,44,6.962340616
Pakistan,22,17,1997,11959.25805,62433300338,37.59909387,48.20323748,4.15868E+11,1154.28,0.883287249,193,44,6.786843066
Pakistan,22,18,1998,17251.95365,62191955814,39.940767,47.1502314,4.21351E+11,1154.28,0.91592493,61,44,6.611345516
Pakistan,22,19,1999,22544.64925,62973855719,41.59536806,44.82025634,4.5882E+11,1154.28,0.869794481,112,45,6.435847966
Pakistan,22,20,2000,27837.34485,82017743416,43.41169823,34.79941641,4.68395E+11,1154.28,0.837709677,180,46,6.260350416
Pakistan,22,21,2001,52762,79484403985,44.77841199,36.51505257,4.85441E+11,1154.28,0.761966363,234,47,6.084852867
Pakistan,22,22,2002,2946,79904985385,46.25177611,40.39062308,5.14938E+11,1154.28,0.813918975,184,49,5.909355317
Pakistan,22,23,2003,10364,91760542940,47.59961517,43.58346722,6.07699E+11,1154.28,0.806609067,196,49,5.733857767
Pakistan,22,24,2004,67416,1.0776E+11,51.14322787,44.89164172,7.09149E+11,1154.28,0.777860087,108,49,5.558360217
Pakistan,22,25,2005,88609,1.20055E+11,55.77850604,45.47912953,8.20382E+11,1154.28,0.740995783,146,51,5.382862667
Pakistan,22,26,2006,83426,1.37264E+11,60.19676858,56.37156531,9.4026E+11,1154.28,0.751717352,167,53,4.9328541
Pakistan,22,27,2007,97258.33333,1.52386E+11,64.77093105,58.86769455,1.21674E+12,1154.28,0.680762985,149,54,5.1629443
Pakistan,22,28,2008,85529,1.70078E+11,77.91044056,54.46764413,1.1989E+12,1154.28,0.617900846,534,55,6.6745618
Pakistan,22,29,2009,53137,1.68153E+11,88.54347445,51.62611426,1.34189E+12,1154.28,0.592382251,672,54,5.390449
Pakistan,22,30,2010,51739,1.77166E+11,100,52.51284608,1.67562E+12,1154.28,0.53672689,663,55,4.381154
Pakistan,22,31,2011,48640,2.13587E+11,111.9160927,48.10006675,1.82305E+12,1154.28,0.540521634,645,54,3.4895081
Pakistan,22,32,2012,59846,2.24384E+11,122.7522026,51.48116895,1.82764E+12,1154.28,0.572162541,611,55,3.3634109
Pakistan,22,33,2013,111794,2.31219E+11,132.1944937,52.24046114,1.85672E+12,1154.28,0.576586442,694,55,2.9547934
Pakistan,22,34,2014,96434,2.44361E+11,141.6984635,51.82739151,2.03913E+12,1154.28,0.603654412,860,54,2.8427456
Pakistan,22,35,2015,124924,2.70556E+11,145.2824826,53.32234438,2.10359E+12,1154.28,0.624232745,884,53,3.0994283
Pakistan,22,36,2016,115627.9286,2.78655E+11,150.7525412,57.18099144,2.2948E+12,1154.28,0.64136565,1025,54,3.4121815
Pakistan,22,37,2017,123766.2738,3.04567E+11,156.9113459,57.25429792,2.65275E+12,1154.28,0.617528506,1000,54,3.5995296
Pakistan,22,38,2018,131904.619,3.14568E+11,164.8793939,57.99091832,2.71317E+12,1154.28,0.561378944,748,54,3.9158804
,,,,,,,,,,,,,
,,,,,,,,,,,,,
,,,,,,,,,,,,,
,,,,,,,,,,,,,
,,,,,,,,,,,,,
,,,,,,,,,,,,,
,,,,,,,,,,,,,
,,,,,,,,,,,,,
,,,,,,,,,,,,,
,,,,,,,,,,,,,
,,,,,,,,,,,,,
,,,,,,,,,,,,,
,,,,,,,,,,,,,
,,,,,,,,,,,,,
,,,,,,,,,,,,,
,,,,,,,,,,,,,
,,,,,,,,,,,,,
,,,,,,,,,,,,,
,,,,,,,,,,,,,
,,,,,,,,,,,,,
,,,,,,,,,,,,,
,,,,,,,,,,,,,
,,,,,,,,,,,,,
,,,,,,,,,,,,,
,,,,,,,,,,,,,
,,,,,,,,,,,,,
,,,,,,,,,,,,,
,,,,,,,,,,,,,
,,,,,,,,,,,,,
,,,,,,,,,,,,,
,,,,,,,,,,,,,
,,,,,,,,,,,,,
,,,,,,,,,,,,,
,,,,,,,,,,,,,
,,,,,,,,,,,,,
,,,,,,,,,,,,,
,,,,,,,,,,,,,
,,,,,,,,,,,,,
,,,,,,,,,,,,,
